Date,NAV (CAD),Market price (CAD)
Mar 07 2025,$147.2612,$147.3700
Mar 06 2025,$145.8448,$145.8100
Mar 05 2025,$148.8868,$148.8000
Mar 04 2025,$148.5961,$148.6000
Mar 03 2025,$150.7359,$150.7000
Feb 28 2025,$152.9867,$153.0000
Feb 27 2025,$150.3651,$150.3300
Feb 26 2025,$151.7926,$151.7100
Feb 25 2025,$151.3706,$151.3400
Feb 24 2025,$151.6274,$151.5000
Feb 21 2025,$151.9750,$151.9500
Feb 20 2025,$154.0189,$154.0300
Feb 19 2025,$155.2094,$155.2100
Feb 18 2025,$154.4271,$154.3500
Feb 14 2025,$153.7878,$153.8500
Feb 13 2025,$153.9507,$153.9400
Feb 12 2025,$153.4158,$153.3900
Feb 11 2025,$153.9302,$153.9200
Feb 10 2025,$154.0452,$154.0000
Feb 07 2025,$152.5885,$152.7400
Feb 06 2025,$154.3885,$154.3400
Feb 05 2025,$153.9318,$153.9600
Feb 04 2025,$153.3514,$153.3800
Feb 03 2025,$155.0106,$154.9400
Jan 31 2025,$155.6598,$155.7800
Jan 30 2025,$155.9517,$155.9600
Jan 29 2025,$154.5367,$154.5000
Jan 28 2025,$154.9062,$154.9400
Jan 27 2025,$153.3630,$153.3100
Jan 24 2025,$155.2359,$155.2300
Jan 23 2025,$156.0310,$155.9500
Jan 22 2025,$155.2956,$155.3000
Jan 21 2025,$153.8767,$153.7900
Jan 20 2025,$152.2076,$153.9000
Jan 17 2025,$153.8726,$153.9000
Jan 16 2025,$151.6791,$151.5800
Jan 15 2025,$151.1719,$151.1800
Jan 14 2025,$148.7783,$148.8000
Jan 13 2025,$148.9931,$149.0200
Jan 10 2025,$149.1218,$149.0500
Jan 09 2025,$150.9958,$150.7600
Jan 08 2025,$150.9332,$150.9200
Jan 07 2025,$150.4892,$150.4500
Jan 06 2025,$151.9259,$151.7700
Jan 03 2025,$152.2431,$152.2500
Jan 02 2025,$149.8139,$149.9900
Dec 31 2024,$149.9246,$149.9900
Dec 30 2024,$150.3010,$150.3500
Dec 27 2024,$153.0777,$153.0500
Dec 24 2024,$154.2396,$154.2500
Dec 23 2024,$152.6297,$152.5900
Dec 20 2024,$151.6107,$151.6700
Dec 19 2024,$150.1438,$150.0900
Dec 18 2024,$150.6172,$150.9000
Dec 17 2024,$153.8832,$153.9100
Dec 16 2024,$153.8515,$153.8800
Dec 13 2024,$153.1541,$153.1400
Dec 12 2024,$153.0148,$153.0300
Dec 11 2024,$153.1324,$153.1100
Dec 10 2024,$152.0831,$152.0100
Dec 09 2024,$152.5061,$152.4600
Dec 06 2024,$153.0779,$153.0800
Dec 05 2024,$151.4516,$151.4300
Dec 04 2024,$152.0937,$152.0300
Dec 03 2024,$151.1787,$151.1800
Dec 02 2024,$150.8964,$150.8800
Nov 29 2024,$150.0016,$150.3600
Nov 28 2024,$149.3598,$149.7800
Nov 27 2024,$149.4506,$149.4200
Nov 26 2024,$150.3936,$150.4300
Nov 25 2024,$148.6356,$148.6800
Nov 22 2024,$148.1176,$148.1700
Nov 21 2024,$147.5383,$147.5700
Nov 20 2024,$146.9343,$146.8400
Nov 19 2024,$146.6914,$146.6600
Nov 18 2024,$146.6930,$146.6700
Nov 15 2024,$146.8705,$146.9000
Nov 14 2024,$148.4738,$148.4500
Nov 13 2024,$148.7914,$148.7700
Nov 12 2024,$148.0785,$148.0500
Nov 11 2024,$148.3641,$148.3600
Nov 08 2024,$148.1317,$148.0700
Nov 07 2024,$146.9290,$146.9500
Nov 06 2024,$146.5935,$146.6500
Nov 05 2024,$141.9962,$141.9700
Nov 04 2024,$140.9681,$140.9500
Nov 01 2024,$141.8343,$141.8800
Oct 31 2024,$140.8771,$140.9100
Oct 30 2024,$143.4670,$143.3700
Oct 29 2024,$144.0660,$144.0600
Oct 28 2024,$143.5582,$143.5200
Oct 25 2024,$143.1950,$143.1900
Oct 24 2024,$142.7930,$142.7800
Oct 23 2024,$142.3018,$142.3100
Oct 22 2024,$143.4560,$143.4700
Oct 21 2024,$143.7006,$143.7000
Oct 18 2024,$143.6219,$143.6000
Oct 17 2024,$142.9990,$143.0100
Oct 16 2024,$142.4702,$142.4700
Oct 15 2024,$142.2251,$142.1900
Oct 11 2024,$141.9219,$141.9400
Oct 10 2024,$140.8780,$140.8600
Oct 09 2024,$140.8018,$140.8300
Oct 08 2024,$139.1940,$139.2000
Oct 07 2024,$137.6620,$137.6000
Oct 04 2024,$138.3876,$138.3900
Oct 03 2024,$136.9726,$136.9900
Oct 02 2024,$136.6102,$136.6000
Oct 01 2024,$136.5363,$136.5100
Sep 30 2024,$138.1559,$138.0500
Sep 27 2024,$137.4859,$137.4400
Sep 26 2024,$137.6104,$137.6800
Sep 25 2024,$137.2131,$137.2300
Sep 24 2024,$136.9880,$137.0000
Sep 23 2024,$137.3274,$137.3300
Sep 20 2024,$137.5637,$137.5000
Sep 19 2024,$137.7582,$137.6900
Sep 18 2024,$136.0109,$136.0200
Sep 17 2024,$136.2535,$136.2100
Sep 16 2024,$136.0604,$136.0400
Sep 13 2024,$135.9059,$135.8700
Sep 12 2024,$135.0686,$135.0000
Sep 11 2024,$133.8190,$133.8800
Sep 10 2024,$132.7862,$132.8100
Sep 09 2024,$131.8720,$131.8100
Sep 06 2024,$130.4050,$130.3700
Sep 05 2024,$132.0852,$132.0000
Sep 04 2024,$132.4613,$132.5300
Sep 03 2024,$133.1546,$133.0500
Aug 30 2024,$135.1522,$135.1900
Aug 29 2024,$133.9918,$133.9600
Aug 28 2024,$133.9116,$133.9200
Aug 27 2024,$134.3369,$134.3400
Aug 26 2024,$134.5715,$134.5500
Aug 23 2024,$135.1437,$135.1500
Aug 22 2024,$134.6821,$134.7000
Aug 21 2024,$135.6463,$135.6800
Aug 20 2024,$135.4212,$135.4000
Aug 19 2024,$135.7949,$135.7400
Aug 16 2024,$134.9557,$134.9200
Aug 15 2024,$135.1940,$135.1500
Aug 14 2024,$132.7098,$132.7600
Aug 13 2024,$132.2204,$132.2600
Aug 12 2024,$130.3927,$130.3500
Aug 09 2024,$130.1941,$130.2200
Aug 08 2024,$129.6766,$129.6900
Aug 07 2024,$126.8684,$126.8800
Aug 06 2024,$128.0057,$128.1000
Aug 02 2024,$131.4996,$131.4700
Aug 01 2024,$134.0342,$133.9800
Jul 31 2024,$135.2309,$135.3000
Jul 30 2024,$133.5864,$133.6000
Jul 29 2024,$134.2988,$134.3000
Jul 26 2024,$133.9678,$133.9700
Jul 25 2024,$132.4295,$132.4300
Jul 24 2024,$132.9667,$132.9900
Jul 23 2024,$135.7709,$135.7700
Jul 22 2024,$135.7413,$135.8400
Jul 19 2024,$134.1418,$134.1600
Jul 18 2024,$134.8563,$134.9300
Jul 17 2024,$135.6308,$135.7600
Jul 16 2024,$137.3761,$137.3400
Jul 15 2024,$136.6459,$136.5400
Jul 12 2024,$135.8103,$135.6500
Jul 11 2024,$134.9816,$135.0500
Jul 10 2024,$136.0085,$136.0800
Jul 09 2024,$134.8403,$134.7900
Jul 08 2024,$134.7619,$134.8100
Jul 05 2024,$134.5542,$134.5100
Jul 04 2024,$133.5783,$133.6300
Jul 03 2024,$133.7943,$133.9300
Jul 02 2024,$133.5395,$133.5300
Jun 28 2024,$132.4679,$132.4600
Jun 27 2024,$133.5650,$133.4200
Jun 26 2024,$133.4169,$133.5300
Jun 25 2024,$132.8309,$132.8800
Jun 24 2024,$132.2716,$132.3300
Jun 21 2024,$133.0467,$133.1100
Jun 20 2024,$133.2022,$133.1600
Jun 19 2024,$133.8173,$134.0900
Jun 18 2024,$133.8956,$133.8400
Jun 17 2024,$133.6130,$133.5900
Jun 14 2024,$132.6631,$132.6600
Jun 13 2024,$132.5868,$132.7500
Jun 12 2024,$132.2215,$132.3000
Jun 11 2024,$131.4068,$131.3900
Jun 10 2024,$131.1803,$131.1400
Jun 07 2024,$130.7235,$130.7600
Jun 06 2024,$130.0522,$130.0200
Jun 05 2024,$130.2671,$130.2400
Jun 04 2024,$128.6008,$128.5900
Jun 03 2024,$128.0691,$128.0500
May 31 2024,$127.8641,$127.8300
May 30 2024,$127.2362,$127.2500
May 29 2024,$128.4244,$128.3300
May 28 2024,$128.6657,$128.6500
May 27 2024,$128.4545,$128.9200
May 24 2024,$128.7651,$128.7800
May 23 2024,$128.5547,$128.5100
May 22 2024,$129.0885,$129.0000
May 21 2024,$129.0726,$129.0400
May 17 2024,$128.2189,$128.2000
May 16 2024,$128.1000,$128.1100
May 15 2024,$128.2511,$128.3000
May 14 2024,$127.0989,$127.1300
May 13 2024,$126.7032,$126.7200
May 10 2024,$126.7005,$126.7900
May 09 2024,$126.5908,$126.5900
May 08 2024,$126.3837,$126.4300
May 07 2024,$126.3141,$126.4000
May 06 2024,$125.5961,$125.6400
May 03 2024,$124.4700,$124.4900
May 02 2024,$122.9179,$122.8500
May 01 2024,$122.5034,$122.5500
Apr 30 2024,$122.9745,$123.0600
Apr 29 2024,$124.0145,$124.0000
Apr 26 2024,$123.6201,$123.6700
Apr 25 2024,$122.3595,$122.4300
Apr 24 2024,$123.2003,$123.2900
Apr 23 2024,$122.9397,$122.9100
Apr 22 2024,$121.7730,$121.9500
Apr 19 2024,$121.1399,$121.1700
Apr 18 2024,$122.3311,$122.4100
Apr 17 2024,$122.6378,$122.7000
Apr 16 2024,$123.7939,$124.0000
Apr 15 2024,$123.7244,$123.8000
Apr 12 2024,$125.2427,$125.3100
Apr 11 2024,$126.1028,$126.1800
Apr 10 2024,$125.1450,$125.1300
Apr 09 2024,$125.4074,$125.4300
Apr 08 2024,$125.2988,$125.3700
Apr 05 2024,$125.3693,$125.4300
Apr 04 2024,$123.7046,$123.7000
Apr 03 2024,$125.0718,$125.1000
Apr 02 2024,$125.3287,$125.3200
Apr 01 2024,$126.1725,$126.2100
Mar 28 2024,$126.0594,$126.1300
Mar 27 2024,$126.3173,$126.3000
Mar 26 2024,$125.3722,$125.3900
Mar 25 2024,$125.7064,$125.7000
Mar 22 2024,$126.2743,$126.3800
Mar 21 2024,$126.1286,$126.0900
Mar 20 2024,$125.2591,$125.2900
Mar 19 2024,$124.9310,$124.8700
Mar 18 2024,$123.9695,$124.0100
Mar 15 2024,$123.2677,$123.2700
Mar 14 2024,$123.9900,$124.0000
Mar 13 2024,$123.7117,$123.7000
Mar 12 2024,$124.0974,$124.1200
Mar 11 2024,$122.6881,$122.7000
Mar 08 2024,$122.8678,$122.9400
Mar 07 2024,$123.3199,$123.3700
Mar 06 2024,$122.6373,$122.6800
Mar 05 2024,$122.6905,$122.6900
Mar 04 2024,$123.7734,$123.8400
Mar 01 2024,$123.7569,$123.7900
Feb 29 2024,$122.6933,$122.8700
Feb 28 2024,$122.2596,$122.2800
Feb 27 2024,$122.0701,$122.1100
Feb 26 2024,$121.6244,$121.6200
Feb 23 2024,$122.0315,$122.1100
Feb 22 2024,$121.8096,$121.8000
Feb 21 2024,$119.5028,$119.5000
Feb 20 2024,$119.5241,$119.4600
Feb 16 2024,$119.8690,$119.8700
Feb 15 2024,$120.3202,$120.3200
Feb 14 2024,$120.1820,$120.2600
Feb 13 2024,$119.2823,$119.2900
Feb 12 2024,$119.9134,$119.9200
Feb 09 2024,$120.0355,$120.0600
Feb 08 2024,$119.3716,$119.4000
Feb 07 2024,$119.3220,$119.3200
Feb 06 2024,$118.5609,$118.5500
Feb 05 2024,$118.6749,$118.8000
Feb 02 2024,$118.3719,$118.3800
Feb 01 2024,$116.5764,$116.5300
Jan 31 2024,$115.5349,$115.5300
Jan 30 2024,$117.0552,$117.1000
Jan 29 2024,$117.2389,$117.2500
Jan 26 2024,$116.6924,$116.6400
Jan 25 2024,$117.0060,$116.9900
Jan 24 2024,$116.8090,$116.8100
Jan 23 2024,$116.2249,$116.2000
Jan 22 2024,$115.9797,$116.0500
Jan 19 2024,$115.2961,$115.2800
Jan 18 2024,$114.4196,$114.4400
Jan 17 2024,$113.5752,$113.5800
Jan 16 2024,$114.0717,$114.1100
Jan 15 2024,$113.9143,$114.2800
Jan 12 2024,$113.7155,$113.7400
Jan 11 2024,$113.5621,$113.5600
Jan 10 2024,$113.4741,$113.4700
Jan 09 2024,$112.8824,$113.0000
Jan 08 2024,$112.7776,$112.8000
Jan 05 2024,$111.2879,$111.2900
Jan 04 2024,$111.0293,$111.0400
Jan 03 2024,$111.4353,$111.4100
Jan 02 2024,$112.0330,$112.1100
Dec 29 2023,$112.0726,$112.1200
Dec 28 2023,$112.1866,$112.2000
Dec 27 2023,$112.3651,$112.4000
Dec 22 2023,$112.1319,$112.1100
Dec 21 2023,$112.0577,$112.1500
Dec 20 2023,$111.7128,$111.6600
Dec 19 2023,$113.1331,$113.1000
Dec 18 2023,$112.9677,$112.9800
Dec 15 2023,$112.1903,$112.2400
Dec 14 2023,$112.5755,$112.5700
Dec 13 2023,$113.0331,$112.9400
Dec 12 2023,$112.2914,$112.2600
Dec 11 2023,$111.5637,$111.6000
Dec 08 2023,$111.2520,$111.2500
Dec 07 2023,$110.8588,$110.8400
Dec 06 2023,$109.9498,$109.9900
Dec 05 2023,$110.4185,$110.4000
Dec 04 2023,$110.0466,$110.0200
Dec 01 2023,$110.2231,$110.2100
Nov 30 2023,$110.1854,$110.2200
Nov 29 2023,$109.9541,$109.9200
Nov 28 2023,$109.8716,$109.8700
Nov 27 2023,$110.0929,$110.1300
Nov 24 2023,$110.4478,$110.6600
Nov 23 2023,$110.8730,$111.2500
Nov 22 2023,$110.8569,$110.8900
Nov 21 2023,$110.4203,$110.4800
Nov 20 2023,$110.9277,$110.9300
Nov 17 2023,$110.0190,$109.9900
Nov 16 2023,$110.2417,$110.2400
Nov 15 2023,$109.4475,$109.4700
Nov 14 2023,$109.2891,$109.3300
Nov 13 2023,$108.0791,$108.0900
Nov 10 2023,$108.1577,$108.1200
Nov 09 2023,$106.5737,$106.5600
Nov 08 2023,$107.2943,$107.3600
Nov 07 2023,$106.9655,$106.9700
Nov 06 2023,$106.1339,$106.1500
Nov 03 2023,$105.7175,$105.7100
Nov 02 2023,$105.2932,$105.2800
Nov 01 2023,$104.2513,$104.2500
Oct 31 2023,$103.1496,$103.1900
Oct 30 2023,$102.2044,$102.1600
Oct 27 2023,$101.3369,$101.3400
Oct 26 2023,$101.4947,$101.4900
Oct 25 2023,$102.4799,$102.4500
Oct 24 2023,$103.4713,$103.4700
Oct 23 2023,$102.4341,$102.4200
Oct 20 2023,$102.7384,$102.7500
Oct 19 2023,$104.0756,$104.1200
Oct 18 2023,$104.9347,$104.9000
Oct 17 2023,$105.8303,$105.7900
Oct 16 2023,$105.5913,$105.5800
Oct 13 2023,$104.8396,$104.8500
Oct 12 2023,$105.6496,$105.6300
Oct 11 2023,$105.5514,$105.5400
Oct 10 2023,$104.9830,$104.9900
Oct 06 2023,$104.3873,$104.4000
Oct 05 2023,$103.4821,$103.5300
Oct 04 2023,$103.8418,$103.9300
Oct 03 2023,$102.8287,$102.8200
Oct 02 2023,$103.9336,$103.9200
Sep 29 2023,$103.2806,$103.2600
Sep 28 2023,$102.8459,$102.8000
Sep 27 2023,$102.7503,$102.6500
Sep 26 2023,$102.7802,$102.8100
Sep 25 2023,$103.8635,$103.8800
Sep 22 2023,$103.6262,$103.6100
Sep 21 2023,$103.8885,$103.8800
Sep 20 2023,$105.5176,$105.5100
Sep 19 2023,$106.2887,$106.2800
Sep 18 2023,$106.8825,$106.8900
Sep 15 2023,$107.0384,$107.0600
Sep 14 2023,$108.3176,$108.3300
Sep 13 2023,$107.6868,$107.7200
Sep 12 2023,$107.5967,$107.6000
Sep 11 2023,$108.3445,$108.3500
Sep 08 2023,$108.1450,$108.1900
Sep 07 2023,$108.3297,$108.3500
Sep 06 2023,$108.2839,$108.3200
Sep 05 2023,$109.0566,$109.0300
Sep 01 2023,$109.2182,$109.1500
Aug 31 2023,$108.2616,$108.3100
Aug 30 2023,$108.5769,$108.6200
Aug 29 2023,$108.3181,$108.4500
Aug 28 2023,$107.1515,$107.1600
Aug 25 2023,$106.4515,$106.5300
Aug 24 2023,$105.5724,$105.5800
Aug 23 2023,$106.6482,$106.6500
Aug 22 2023,$105.6942,$105.6800
Aug 21 2023,$105.8972,$106.0100
Aug 18 2023,$105.2104,$105.0700
Aug 17 2023,$105.0787,$105.1200
Aug 16 2023,$105.8463,$105.8700
Aug 15 2023,$106.3711,$106.3800
Aug 14 2023,$107.3338,$107.3000
Aug 11 2023,$106.5934,$106.5900
Aug 10 2023,$106.6727,$106.6200
Aug 09 2023,$106.4360,$106.4500
Aug 08 2023,$107.0843,$107.1400
Aug 04 2023,$106.3625,$106.3500
Aug 03 2023,$106.6387,$106.7700
Aug 02 2023,$106.8573,$106.9000
Aug 01 2023,$107.9120,$107.9100
Jul 31 2023,$107.4076,$107.4100
Jul 28 2023,$107.5996,$107.5800
Jul 27 2023,$106.5619,$106.6100
Jul 26 2023,$107.0264,$107.0200
Jul 25 2023,$106.7620,$106.7400
Jul 24 2023,$106.4242,$106.3800
Jul 21 2023,$106.3420,$106.3700
Jul 20 2023,$105.9795,$106.0000
Jul 19 2023,$106.6394,$106.6800
Jul 18 2023,$106.4303,$106.4500
Jul 17 2023,$105.7982,$105.8000
Jul 14 2023,$105.6946,$105.5700
Jul 13 2023,$104.8756,$104.8700
Jul 12 2023,$104.6149,$104.5300
Jul 11 2023,$104.1919,$104.1900
Jul 10 2023,$103.8658,$103.8000
Jul 07 2023,$103.5926,$103.6200
Jul 06 2023,$104.5185,$104.6100
Jul 05 2023,$104.7157,$104.7700
Jul 04 2023,$104.4916,$104.3600
Jun 30 2023,$104.4779,$104.5000
Jun 29 2023,$103.2625,$103.2500
Jun 28 2023,$103.2878,$103.1800
Jun 27 2023,$102.6693,$102.6700
Jun 26 2023,$101.3349,$101.3400
Jun 23 2023,$102.0378,$102.0200
Jun 22 2023,$102.4972,$102.5600
Jun 21 2023,$102.2500,$102.2100
Jun 20 2023,$103.3093,$103.3300
Jun 19 2023,$103.6470,$103.6000
Jun 16 2023,$103.5730,$103.5900
Jun 15 2023,$104.0864,$104.0100
Jun 14 2023,$103.6746,$103.6900
Jun 13 2023,$103.4200,$103.4300
Jun 12 2023,$103.1553,$103.1400
Jun 09 2023,$102.0713,$102.0300
Jun 08 2023,$101.9467,$101.9400
Jun 07 2023,$101.5064,$101.5000
Jun 06 2023,$102.0728,$102.1100
Jun 05 2023,$102.1553,$102.2300
Jun 02 2023,$102.2089,$102.2000
Jun 01 2023,$100.9330,$100.8800
May 31 2023,$100.8928,$100.9200
May 30 2023,$101.6017,$101.6500
May 29 2023,$101.4881,$101.9800
May 26 2023,$101.6940,$101.7000
May 25 2023,$100.5558,$100.5800
May 24 2023,$99.4207,$99.4400
May 23 2023,$99.4676,$99.5300
May 19 2023,$100.5559,$100.5800
May 18 2023,$100.6633,$100.6700
May 17 2023,$99.3011,$99.3100
May 16 2023,$98.3890,$98.4000
May 15 2023,$98.9340,$98.9300
May 12 2023,$99.2299,$99.2600
May 11 2023,$98.9204,$98.9500
May 10 2023,$98.2110,$98.2300
May 09 2023,$97.8350,$97.8400
May 08 2023,$98.1830,$98.2900
May 05 2023,$98.2208,$98.1600
May 04 2023,$97.5354,$97.5300
May 03 2023,$98.8850,$98.8700
May 02 2023,$99.5642,$99.5900
May 01 2023,$100.1459,$100.2100
Apr 28 2023,$100.2182,$100.2000
Apr 27 2023,$99.7060,$99.7100
Apr 26 2023,$98.1190,$98.2000
Apr 25 2023,$98.4998,$98.5200
Apr 24 2023,$99.3764,$99.3100
Apr 21 2023,$99.2385,$99.2400
Apr 20 2023,$98.7561,$98.7500
Apr 19 2023,$99.1405,$99.1500
Apr 18 2023,$98.6891,$98.7200
Apr 17 2023,$98.6108,$98.5700
Apr 14 2023,$98.0750,$98.1100
Apr 13 2023,$98.0527,$98.0500
Apr 12 2023,$97.5933,$97.5600
Apr 11 2023,$98.1696,$98.1600
Apr 10 2023,$98.4227,$98.3600
Apr 06 2023,$98.1596,$98.1200
Apr 05 2023,$97.6233,$97.6300
Apr 04 2023,$97.7625,$97.7600
Apr 03 2023,$98.1052,$98.1100
Mar 31 2023,$98.4101,$98.4400
Mar 30 2023,$97.1197,$97.1200
Mar 29 2023,$96.8473,$96.8100
Mar 28 2023,$95.7149,$95.7000
Mar 27 2023,$96.3065,$96.2300
Mar 24 2023,$96.6833,$96.6600
Mar 23 2023,$96.3010,$96.4000
Mar 22 2023,$96.1218,$96.1200
Mar 21 2023,$97.6925,$97.6200
Mar 20 2023,$96.0413,$96.0100
Mar 17 2023,$95.6944,$95.6900
Mar 16 2023,$96.6506,$96.6500
Mar 15 2023,$95.3127,$95.2700
Mar 14 2023,$95.2806,$95.2400
Mar 13 2023,$94.1324,$94.0900
Mar 10 2023,$94.9721,$95.0900
Mar 09 2023,$96.3781,$96.3600
Mar 08 2023,$97.8841,$97.8600
Mar 07 2023,$97.4416,$97.4400
Mar 06 2023,$98.0081,$98.0300
Mar 03 2023,$97.7282,$97.7300
Mar 02 2023,$96.2011,$96.1800
Mar 01 2023,$95.5091,$95.5000
Feb 28 2023,$96.1941,$96.2700
Feb 27 2023,$96.0635,$96.0600
Feb 24 2023,$95.9585,$95.9900
Feb 23 2023,$96.5438,$96.5300
Feb 22 2023,$96.1538,$96.1200
Feb 21 2023,$96.1397,$96.1200
Feb 17 2023,$97.6455,$97.6300
Feb 16 2023,$97.7570,$97.7800
Feb 15 2023,$98.6786,$98.6400
Feb 14 2023,$97.9346,$97.9400
Feb 13 2023,$97.9636,$97.9000
Feb 10 2023,$96.9042,$96.8800
Feb 09 2023,$97.5057,$97.4900
Feb 08 2023,$98.2489,$98.2900
Feb 07 2023,$99.0196,$99.0200
Feb 06 2023,$98.0540,$98.0000
Feb 03 2023,$98.3054,$98.3600
Feb 02 2023,$98.7216,$98.7000
Feb 01 2023,$97.1483,$97.0500
Jan 31 2023,$96.2081,$96.1600
Jan 30 2023,$95.4492,$95.4000
Jan 27 2023,$96.1087,$96.1000
Jan 26 2023,$95.9185,$95.9800
Jan 25 2023,$95.3502,$95.4100
Jan 24 2023,$95.1885,$95.2600
Jan 23 2023,$95.3501,$95.3600
Jan 20 2023,$94.2457,$94.2400
Jan 19 2023,$93.1108,$93.1100
Jan 18 2023,$94.0262,$94.0500
Jan 17 2023,$94.7857,$94.7400
Jan 16 2023,$95.1295,$94.9800
Jan 13 2023,$94.9740,$94.9600
Jan 12 2023,$94.3906,$94.4300
Jan 11 2023,$94.4999,$94.5000
Jan 10 2023,$93.2956,$93.2500
Jan 09 2023,$92.3770,$92.4100
Jan 06 2023,$92.8348,$92.8100
Jan 05 2023,$91.6890,$91.6600
Jan 04 2023,$92.0223,$92.2000
Jan 03 2023,$92.6351,$92.7600
Dec 30 2022,$92.1155,$92.1700
Dec 29 2022,$92.3836,$92.3900
Dec 28 2022,$91.5908,$91.6200
Dec 23 2022,$92.9797,$92.9400
Dec 22 2022,$92.7919,$92.7900
Dec 21 2022,$93.8564,$93.8100
Dec 20 2022,$92.5613,$92.5600
Dec 19 2022,$92.7556,$92.8000
Dec 16 2022,$93.8227,$93.9000
Dec 15 2022,$94.6983,$94.8600
Dec 14 2022,$96.3395,$96.4100
Dec 13 2022,$96.9675,$97.0100
Dec 12 2022,$96.7391,$96.6800
Dec 09 2022,$95.5289,$95.4800
Dec 08 2022,$95.7877,$95.7800
Dec 07 2022,$95.4965,$95.5300
Dec 06 2022,$95.7062,$95.7100
Dec 05 2022,$96.7151,$96.7300
Dec 02 2022,$97.5130,$97.5600
Dec 01 2022,$97.3965,$97.4200
Nov 30 2022,$97.5358,$97.5300
Nov 29 2022,$95.5637,$95.5900
Nov 28 2022,$95.1579,$95.1700
Nov 25 2022,$95.7246,$96.0700
Nov 24 2022,$95.5131,$96.0000
Nov 23 2022,$95.6243,$95.6000
Nov 22 2022,$95.1828,$95.2000
Nov 21 2022,$94.4801,$94.4800
Nov 18 2022,$94.3488,$94.3500
Nov 17 2022,$93.5028,$93.5000
Nov 16 2022,$93.7844,$93.7700
Nov 15 2022,$94.2039,$94.2000
Nov 14 2022,$93.6048,$93.5900
Nov 11 2022,$94.0225,$93.9800
Nov 10 2022,$93.5882,$93.6600
Nov 09 2022,$90.0979,$90.1000
Nov 08 2022,$91.3136,$91.3100
Nov 07 2022,$91.2285,$91.2100
Nov 04 2022,$90.2445,$90.2500
Nov 03 2022,$90.6887,$90.7400
Nov 02 2022,$91.4115,$91.4500
Nov 01 2022,$93.2771,$93.2800
Oct 31 2022,$93.6338,$93.6500
Oct 28 2022,$94.1574,$94.2000
Oct 27 2022,$91.6828,$91.6500
Oct 26 2022,$92.2002,$92.1400
Oct 25 2022,$93.1811,$93.1200
Oct 24 2022,$92.4286,$92.4200
Oct 21 2022,$90.8273,$90.8200
Oct 20 2022,$89.5549,$89.6000
Oct 19 2022,$90.2667,$90.2650
Oct 18 2022,$90.7505,$90.6250
Oct 17 2022,$89.5932,$89.5450
Oct 14 2022,$88.3510,$88.2450
Oct 13 2022,$89.5166,$89.5750
Oct 12 2022,$87.6738,$87.7600
Oct 11 2022,$87.8229,$87.8200
Oct 07 2022,$88.6709,$88.7350
Oct 06 2022,$91.3117,$91.2700
Oct 05 2022,$91.3506,$91.2300
Oct 04 2022,$90.8635,$90.7650
Oct 03 2022,$88.9277,$88.8750
Sep 30 2022,$87.8172,$87.8400
Sep 29 2022,$88.4109,$88.3950
Sep 28 2022,$89.8221,$89.8950
Sep 27 2022,$89.1709,$89.1000
Sep 26 2022,$89.4300,$89.4300
Sep 23 2022,$89.3977,$89.3100
Sep 22 2022,$90.1896,$90.3700
Sep 21 2022,$90.6775,$90.8350
Sep 20 2022,$91.7115,$91.6400
Sep 19 2022,$91.9859,$91.9800
Sep 16 2022,$91.4308,$91.5400
Sep 15 2022,$91.8776,$91.9400
Sep 14 2022,$92.4901,$92.4700
Sep 13 2022,$92.1216,$92.1500
Sep 12 2022,$95.0125,$94.9500
Sep 09 2022,$94.2401,$94.2850
Sep 08 2022,$93.3214,$93.2100
Sep 07 2022,$92.8502,$92.7800
Sep 06 2022,$91.4694,$91.4500
Sep 02 2022,$91.6977,$91.5750
Sep 01 2022,$92.7999,$92.7750
Aug 31 2022,$92.3495,$92.5100
Aug 30 2022,$92.8268,$92.8600
Aug 29 2022,$93.1942,$93.2900
Aug 26 2022,$94.0448,$94.1150
Aug 25 2022,$96.5454,$96.4500
Aug 24 2022,$95.4279,$95.4200
Aug 23 2022,$95.0697,$95.0950
Aug 22 2022,$95.9834,$95.9400
Aug 19 2022,$97.6628,$97.7150
Aug 18 2022,$98.5681,$98.4300
Aug 17 2022,$98.0412,$98.0000
Aug 16 2022,$98.2340,$98.3150
Aug 15 2022,$98.5513,$98.5250
Aug 12 2022,$97.0980,$97.0550
Aug 11 2022,$95.4715,$95.4300
Aug 10 2022,$95.5165,$95.4950
Aug 09 2022,$94.3519,$94.2800
Aug 08 2022,$94.5388,$94.5650
Aug 05 2022,$95.1536,$95.1250
Aug 04 2022,$94.8134,$94.7400
Aug 03 2022,$94.7628,$94.7650
Aug 02 2022,$93.5167,$93.4900
Jul 29 2022,$93.9253,$93.9150
Jul 28 2022,$92.6706,$92.6600
Jul 27 2022,$91.5214,$91.6050
Jul 26 2022,$89.6660,$89.6600
Jul 25 2022,$90.3810,$90.3750
Jul 22 2022,$90.8546,$90.7800
Jul 21 2022,$91.3847,$91.3350
Jul 20 2022,$90.5018,$90.4800
Jul 19 2022,$89.8981,$89.9050
Jul 18 2022,$88.2199,$88.2300
Jul 15 2022,$89.2511,$89.1750
Jul 14 2022,$88.1772,$88.1450
Jul 13 2022,$87.5035,$87.5750
Jul 12 2022,$88.2281,$88.1950
Jul 11 2022,$88.9371,$88.8800
Jul 08 2022,$89.6294,$89.6550
Jul 07 2022,$89.8345,$89.8800
Jul 06 2022,$88.9793,$88.9650
Jul 05 2022,$88.6282,$88.5300
Jul 04 2022,$87.3048,$87.1200
Jun 30 2022,$86.4639,$86.2200
Jun 29 2022,$87.3284,$87.3800
Jun 28 2022,$87.4776,$87.5850
Jun 27 2022,$89.4340,$89.3550
Jun 24 2022,$89.8721,$89.7200
Jun 23 2022,$87.7603,$87.7300
Jun 22 2022,$86.5738,$86.7050
Jun 21 2022,$86.5959,$86.4950
Jun 20 2022,$84.9733,$85.9600
Jun 17 2022,$85.2387,$85.2450
Jun 16 2022,$84.4002,$84.2850
Jun 15 2022,$86.9907,$86.9400
Jun 14 2022,$86.1818,$86.1600
Jun 13 2022,$85.9776,$85.9350
Jun 10 2022,$88.6030,$88.7850
Jun 09 2022,$90.7276,$90.7500
Jun 08 2022,$91.8518,$91.8150
Jun 07 2022,$92.7011,$92.7050
Jun 06 2022,$92.1482,$92.1850
Jun 03 2022,$92.0111,$91.9900
Jun 02 2022,$93.4099,$93.4200
Jun 01 2022,$92.2487,$92.3500
May 31 2022,$92.9765,$92.9000
May 30 2022,$93.5695,$94.4800
May 27 2022,$94.0210,$93.9500
May 26 2022,$92.1503,$92.1700
May 25 2022,$90.6230,$90.5750
May 24 2022,$89.8352,$89.6850
May 20 2022,$88.9356,$88.9700
May 19 2022,$88.7782,$88.8450
May 18 2022,$89.8854,$89.8000
May 17 2022,$93.1309,$93.0400
May 16 2022,$91.5250,$91.4250
May 13 2022,$92.3649,$92.3000
May 12 2022,$91.0772,$90.9800
May 11 2022,$90.8336,$90.7500
May 10 2022,$92.4986,$92.5500
May 09 2022,$92.1413,$92.2200
May 06 2022,$94.3391,$94.3650
May 05 2022,$94.5414,$94.4250
May 04 2022,$97.2421,$97.2200
May 03 2022,$95.0982,$95.1350
May 02 2022,$95.0020,$94.9250
Apr 29 2022,$94.1928,$94.0700
Apr 28 2022,$97.4457,$97.3650
Apr 27 2022,$95.1902,$95.2050
Apr 26 2022,$94.8965,$95.0450
Apr 25 2022,$97.0264,$97.0250
Apr 22 2022,$96.4693,$96.4150
Apr 21 2022,$98.0497,$98.0950
Apr 20 2022,$98.9043,$98.9150
Apr 19 2022,$99.9456,$99.9400
Apr 18 2022,$98.3434,$98.2250
Apr 14 2022,$98.3230,$98.3050
Apr 13 2022,$99.1417,$99.0950
Apr 12 2022,$98.6238,$98.6750
Apr 11 2022,$98.9431,$98.9250
Apr 08 2022,$100.1661,$100.0750
Apr 07 2022,$100.5375,$100.5100
Apr 06 2022,$99.5921,$99.6650
Apr 05 2022,$100.3022,$100.1950
Apr 04 2022,$101.5170,$101.4900
Apr 01 2022,$100.8736,$100.8750
Mar 31 2022,$100.4946,$100.7050
Mar 30 2022,$101.8509,$101.7500
Mar 29 2022,$102.6613,$102.5550
Mar 28 2022,$101.6063,$101.5550
Mar 25 2022,$100.4515,$100.3750
Mar 24 2022,$100.4497,$100.3900
Mar 23 2022,$99.5702,$99.5750
Mar 22 2022,$100.8693,$100.8500
Mar 21 2022,$99.8821,$99.8300
Mar 18 2022,$99.9134,$99.8850
Mar 17 2022,$99.0373,$98.8250
Mar 16 2022,$98.3792,$98.2300
Mar 15 2022,$96.8266,$96.7900
Mar 14 2022,$95.1339,$95.1100
Mar 11 2022,$95.2363,$95.2200
Mar 10 2022,$96.7018,$96.7450
Mar 09 2022,$97.4311,$97.3850
Mar 08 2022,$95.4685,$95.5100
Mar 07 2022,$95.6013,$95.7500
Mar 04 2022,$97.8523,$97.8900
Mar 03 2022,$98.3286,$98.2450
Mar 02 2022,$98.4194,$98.4350
Mar 01 2022,$97.4903,$97.4400
Feb 28 2022,$98.4622,$98.4950
Feb 25 2022,$98.9168,$98.9000
Feb 24 2022,$97.6145,$97.4900
Feb 23 2022,$95.6494,$95.6700
Feb 22 2022,$97.5712,$97.4950
Feb 18 2022,$98.6089,$98.5200
Feb 17 2022,$98.8276,$98.8400
Feb 16 2022,$100.8078,$100.8100
Feb 15 2022,$101.0567,$100.9950
Feb 14 2022,$99.4679,$99.5250
Feb 11 2022,$99.8838,$99.9950
Feb 10 2022,$101.7524,$101.7350
Feb 09 2022,$103.1410,$103.0350
Feb 08 2022,$101.9269,$101.9350
Feb 07 2022,$100.8256,$100.7650
Feb 04 2022,$101.8502,$101.9650
Feb 03 2022,$100.8494,$100.8150
Feb 02 2022,$103.0701,$103.1550
Feb 01 2022,$102.2339,$102.3650
Jan 31 2022,$101.7834,$101.8250
Jan 28 2022,$100.4709,$100.4050
Jan 27 2022,$97.8333,$97.8300
Jan 26 2022,$97.7880,$97.7900
Jan 25 2022,$97.5721,$97.5050
Jan 24 2022,$98.9241,$98.8200
Jan 21 2022,$98.0499,$98.3950
Jan 20 2022,$99.4941,$99.4150
Jan 19 2022,$100.5087,$100.4550
Jan 18 2022,$101.6978,$101.5700
Jan 17 2022,$103.5663,$103.8450
Jan 14 2022,$103.8108,$103.8550
Jan 13 2022,$103.4652,$103.3450
Jan 12 2022,$104.8361,$104.7950
Jan 11 2022,$105.1131,$105.0950
Jan 10 2022,$105.0247,$104.9400
Jan 07 2022,$104.8806,$104.9050
Jan 06 2022,$105.9653,$105.9600
Jan 05 2022,$106.4042,$106.4550
Jan 04 2022,$108.0402,$108.1250
Dec 31 2021,$106.8935,$106.8750
Dec 30 2021,$108.0094,$107.9250
Dec 29 2021,$109.0651,$109.1150
Dec 24 2021,$107.4712,$107.8100
Dec 23 2021,$107.5508,$107.6350
Dec 22 2021,$107.1640,$107.1600
Dec 21 2021,$106.7540,$106.7350
Dec 20 2021,$105.1305,$105.2000
Dec 17 2021,$105.9355,$106.0450
Dec 16 2021,$106.0918,$106.1900
Dec 15 2021,$107.5870,$107.6250
Dec 14 2021,$106.0427,$105.9250
Dec 13 2021,$106.4624,$106.4750
Dec 10 2021,$106.6030,$106.5850
Dec 09 2021,$105.5253,$105.5850
Dec 08 2021,$105.7059,$105.7300
Dec 07 2021,$105.3806,$105.3850
Dec 06 2021,$104.2016,$104.1600
Dec 03 2021,$103.5893,$103.6000
Dec 02 2021,$104.2900,$104.0850
Dec 01 2021,$102.8112,$102.9250
Nov 30 2021,$103.6304,$103.8650
Nov 29 2021,$105.4837,$105.5650
Nov 26 2021,$104.4947,$104.4350
Nov 25 2021,$105.6538,$106.1150
Nov 24 2021,$105.7751,$105.8000
Nov 23 2021,$105.5988,$105.6250
Nov 22 2021,$105.6987,$105.7100
Nov 19 2021,$105.5456,$105.5750
Nov 18 2021,$105.3428,$105.3000
Nov 17 2021,$105.0753,$105.0750
Nov 16 2021,$104.9627,$104.9300
Nov 15 2021,$104.1354,$104.0750
Nov 12 2021,$104.3369,$104.3500
Nov 11 2021,$103.8973,$103.9450
Nov 10 2021,$103.1083,$103.1700
Nov 09 2021,$103.5086,$103.5000
Nov 08 2021,$103.8766,$103.8900
Nov 05 2021,$103.7852,$103.7900
Nov 04 2021,$103.5333,$103.4800
Nov 03 2021,$102.4680,$102.4900
Nov 02 2021,$101.9693,$101.9400
Nov 01 2021,$101.3055,$101.2500
Oct 29 2021,$101.1459,$101.2050
Oct 28 2021,$100.6809,$100.6450
Oct 27 2021,$99.8800,$99.9000
Oct 26 2021,$100.5389,$100.6150
Oct 25 2021,$100.4107,$100.3600
Oct 22 2021,$99.7481,$99.7950
Oct 21 2021,$99.9053,$99.9400
Oct 20 2021,$99.2665,$99.1650
Oct 19 2021,$99.2234,$99.1550
Oct 18 2021,$98.5728,$98.5950
Oct 15 2021,$98.2022,$98.2000
Oct 14 2021,$97.4745,$97.4500
Oct 13 2021,$96.3563,$96.3200
Oct 12 2021,$96.1988,$96.2350
Oct 08 2021,$97.1848,$97.1850
Oct 07 2021,$97.9306,$97.8750
Oct 06 2021,$97.4437,$97.4850
Oct 05 2021,$96.9200,$96.9850
Oct 04 2021,$96.0106,$95.9700
Oct 01 2021,$97.6356,$97.6000
Sep 30 2021,$96.7142,$96.8800
Sep 29 2021,$98.6703,$98.6150
Sep 28 2021,$98.1835,$98.1400
Sep 27 2021,$99.8064,$99.7800
Sep 24 2021,$100.3124,$100.3300
Sep 23 2021,$100.1816,$100.1450
Sep 22 2021,$99.7873,$99.7050
Sep 21 2021,$99.2056,$99.3200
Sep 20 2021,$99.3257,$99.3650
Sep 17 2021,$100.4791,$100.5950
Sep 16 2021,$100.9088,$100.9250
Sep 15 2021,$100.7045,$100.6500
Sep 14 2021,$100.3373,$100.2800
Sep 13 2021,$100.5826,$100.5500
Sep 10 2021,$100.5461,$100.5550
Sep 09 2021,$101.1175,$101.1200
Sep 08 2021,$101.8382,$101.8000
Sep 07 2021,$101.6393,$101.6850
Sep 03 2021,$101.0090,$100.9900
Sep 02 2021,$101.2617,$101.2150
Sep 01 2021,$101.5437,$101.4700
Aug 31 2021,$101.3761,$101.4500
Aug 30 2021,$101.4692,$101.4650
Aug 27 2021,$101.0620,$101.0650
Aug 26 2021,$100.7571,$100.7650
Aug 25 2021,$100.5931,$100.6500
Aug 24 2021,$100.4399,$100.4350
Aug 23 2021,$100.7353,$100.7100
Aug 20 2021,$101.2167,$101.2200
Aug 19 2021,$100.4106,$100.3100
Aug 18 2021,$98.9010,$98.9100
Aug 17 2021,$99.7589,$99.7150
Aug 16 2021,$99.9956,$99.9650
Aug 13 2021,$99.3568,$99.2850
Aug 12 2021,$99.1409,$99.1250
Aug 11 2021,$98.7500,$98.7400
Aug 10 2021,$98.6942,$98.6600
Aug 09 2021,$98.9917,$98.9950
Aug 06 2021,$98.9295,$98.9150
Aug 05 2021,$98.2917,$98.2500
Aug 04 2021,$98.0571,$98.1050
Aug 03 2021,$98.4225,$98.3800
Jul 30 2021,$97.3769,$97.2850
Jul 29 2021,$97.6278,$97.6450
Jul 28 2021,$97.8529,$97.9150
Jul 27 2021,$98.4026,$98.3700
Jul 26 2021,$98.4413,$98.4150
Jul 23 2021,$98.3991,$98.3950
Jul 22 2021,$97.4067,$97.3700
Jul 21 2021,$97.2001,$97.1850
Jul 20 2021,$97.2454,$97.2950
Jul 19 2021,$96.4241,$96.3200
Jul 16 2021,$96.8322,$96.8150
Jul 15 2021,$97.5103,$97.4650
Jul 14 2021,$97.1069,$97.0800
Jul 13 2021,$97.0514,$97.0050
Jul 12 2021,$96.8988,$96.8850
Jul 09 2021,$96.5033,$96.4950
Jul 08 2021,$96.1403,$96.0150
Jul 07 2021,$96.5602,$96.5350
Jul 06 2021,$96.0404,$96.0250
Jul 05 2021,$95.2141,$95.4050
Jul 02 2021,$95.1527,$95.1300
Jun 30 2021,$94.4461,$94.5100
Jun 29 2021,$94.3294,$94.3450
Jun 28 2021,$94.2290,$94.2200
Jun 25 2021,$93.6754,$93.6850
Jun 24 2021,$93.5201,$93.5400
Jun 23 2021,$92.8902,$92.8950
Jun 22 2021,$93.0131,$93.0000
Jun 21 2021,$92.8867,$92.9250
Jun 18 2021,$92.1826,$92.2850
Jun 17 2021,$92.8295,$92.8700
Jun 16 2021,$92.1043,$92.1050
Jun 15 2021,$92.0796,$92.0400
Jun 14 2021,$91.9363,$91.8400
Jun 11 2021,$91.8348,$91.8400
Jun 10 2021,$91.1773,$91.1950
Jun 09 2021,$90.9009,$90.9450
Jun 08 2021,$91.0666,$91.1000
Jun 07 2021,$90.7821,$90.8150
Jun 04 2021,$90.8447,$90.8450
Jun 03 2021,$90.2188,$90.2500
Jun 02 2021,$90.0434,$90.0300
Jun 01 2021,$90.1685,$90.1200
May 31 2021,$90.2275,$90.2350
May 28 2021,$90.3064,$90.3050
May 27 2021,$90.0193,$90.1750
May 26 2021,$90.3675,$90.3300
May 25 2021,$89.8312,$89.8100
May 21 2021,$89.0957,$89.0700
May 20 2021,$89.1266,$89.0850
May 19 2021,$88.6576,$88.6250
May 18 2021,$88.4342,$88.5300
May 17 2021,$89.2529,$89.2400
May 14 2021,$89.8388,$89.8650
May 13 2021,$88.7984,$88.8750
May 12 2021,$87.5102,$87.5900
May 11 2021,$89.1946,$89.1600
May 10 2021,$89.9468,$89.9650
May 07 2021,$91.1817,$91.2350
May 06 2021,$90.7333,$90.6850
May 05 2021,$90.7965,$90.7600
May 04 2021,$91.0315,$90.9500
May 03 2021,$91.3770,$91.3550
Apr 30 2021,$91.2783,$91.1600
Apr 29 2021,$91.7806,$91.7450
Apr 28 2021,$91.4359,$91.4300
Apr 27 2021,$92.1104,$92.1900
Apr 26 2021,$92.1393,$92.1000
Apr 23 2021,$92.5338,$92.5600
Apr 22 2021,$91.7341,$91.7600
Apr 21 2021,$92.5208,$92.4950
Apr 20 2021,$92.5439,$92.5800
Apr 19 2021,$92.6144,$92.5450
Apr 16 2021,$92.9026,$92.8900
Apr 15 2021,$92.7743,$92.7300
Apr 14 2021,$91.6721,$91.5800
Apr 13 2021,$92.0487,$92.0700
Apr 12 2021,$92.0555,$92.0550
Apr 09 2021,$91.7583,$91.7250
Apr 08 2021,$91.3470,$91.2950
Apr 07 2021,$91.3169,$91.3100
Apr 06 2021,$90.8554,$90.7950
Apr 05 2021,$90.5740,$90.5750
Apr 01 2021,$89.4262,$89.4550
Mar 31 2021,$88.6409,$88.7400
Mar 30 2021,$88.7874,$88.6050
Mar 29 2021,$88.7078,$88.6750
Mar 26 2021,$88.6417,$88.5550
Mar 25 2021,$87.8264,$87.8750
Mar 24 2021,$87.0379,$87.1050
Mar 23 2021,$87.5852,$87.5150
Mar 22 2021,$87.8200,$87.8300
Mar 19 2021,$86.9959,$87.0850
Mar 18 2021,$87.2277,$87.2650
Mar 17 2021,$87.7833,$87.7450
Mar 16 2021,$87.7160,$87.7650
Mar 15 2021,$88.0301,$88.0350
Mar 12 2021,$87.5058,$87.5050
Mar 11 2021,$87.7610,$87.7650
Mar 10 2021,$87.4961,$87.5300
Mar 09 2021,$87.1068,$87.1550
Mar 08 2021,$86.1464,$86.2400
Mar 05 2021,$86.4553,$86.5250
Mar 04 2021,$84.9492,$84.7950
Mar 03 2021,$85.8629,$85.9150
Mar 02 2021,$86.8360,$86.8750
Mar 01 2021,$87.7660,$87.7400
Feb 26 2021,$86.1499,$86.4550
Feb 25 2021,$85.8225,$85.8850
Feb 24 2021,$87.2590,$87.3050
Feb 23 2021,$86.8253,$86.9000
Feb 22 2021,$86.9362,$86.9600
Feb 19 2021,$87.6499,$87.6150
Feb 18 2021,$88.1904,$88.1850
Feb 17 2021,$88.7048,$88.6950
Feb 16 2021,$88.5875,$88.6300
Feb 12 2021,$88.8113,$88.8100
Feb 11 2021,$88.3370,$88.3300
Feb 10 2021,$88.2258,$88.1750
Feb 09 2021,$88.2499,$88.2450
Feb 08 2021,$88.5925,$88.4850
Feb 05 2021,$88.1131,$88.1200
Feb 04 2021,$88.1850,$88.1000
Feb 03 2021,$86.9099,$87.0100
Feb 02 2021,$86.9083,$86.9450
Feb 01 2021,$86.1222,$86.2150
Jan 29 2021,$84.2398,$84.3800
Jan 28 2021,$86.1120,$86.1450
Jan 27 2021,$85.3519,$85.2600
Jan 26 2021,$86.7263,$86.7200
Jan 25 2021,$87.1680,$87.1550
Jan 22 2021,$86.7135,$86.8450
Jan 21 2021,$86.3813,$86.4300
Jan 20 2021,$86.3930,$86.4850
Jan 19 2021,$85.8584,$85.8550
Jan 18 2021,$85.2455,$85.6500
Jan 15 2021,$85.1723,$85.1250
Jan 14 2021,$85.1274,$85.1550
Jan 13 2021,$85.8352,$85.9150
Jan 12 2021,$85.7225,$85.8500
Jan 11 2021,$86.1399,$86.1150
Jan 08 2021,$86.1811,$86.2200
Jan 07 2021,$85.5373,$85.5950
Jan 06 2021,$84.2485,$84.2700
Jan 05 2021,$83.7671,$83.7500
Jan 04 2021,$83.9321,$83.9200
Dec 31 2020,$84.7235,$84.8350
Dec 30 2020,$84.5018,$84.5600
Dec 29 2020,$84.9857,$84.9750
Dec 24 2020,$84.4214,$84.4200
Dec 23 2020,$84.3219,$84.4700
Dec 22 2020,$84.6450,$84.6300
Dec 21 2020,$84.4923,$84.3950
Dec 18 2020,$84.3253,$84.4500
Dec 17 2020,$84.2872,$84.2750
Dec 16 2020,$83.9137,$83.9450
Dec 15 2020,$83.4766,$83.3950
Dec 14 2020,$82.7442,$82.9300
Dec 11 2020,$83.1770,$83.1600
Dec 10 2020,$83.0844,$83.1500
Dec 09 2020,$83.6657,$83.8500
Dec 08 2020,$84.4118,$84.4350
Dec 07 2020,$84.0309,$84.0300
Dec 04 2020,$84.0624,$84.0400
Dec 03 2020,$83.9582,$83.8300
Dec 02 2020,$84.3094,$84.2950
Dec 01 2020,$84.2264,$84.2650
Nov 30 2020,$83.6287,$83.5550
Nov 27 2020,$84.0158,$84.1350
Nov 26 2020,$83.9771,$83.9750
Nov 25 2020,$83.8385,$83.8700
Nov 24 2020,$83.9932,$83.9850
Nov 23 2020,$83.1759,$83.1450
Nov 20 2020,$82.6939,$82.7650
Nov 19 2020,$83.1016,$83.1150
Nov 18 2020,$82.8695,$83.0200
Nov 17 2020,$83.9962,$83.9900
Nov 16 2020,$84.4235,$84.3050
Nov 13 2020,$83.7055,$83.7650
Nov 12 2020,$82.5210,$82.4900
Nov 11 2020,$82.8790,$82.8850
Nov 10 2020,$82.1237,$82.0450
Nov 09 2020,$82.0721,$82.0900
Nov 06 2020,$81.2430,$81.2250
Nov 05 2020,$81.2844,$81.3350
Nov 04 2020,$80.2827,$80.2650
Nov 03 2020,$78.5929,$78.6550
Nov 02 2020,$77.6802,$77.5450
Oct 30 2020,$77.3324,$77.2100
Oct 29 2020,$78.1679,$78.3750
Oct 28 2020,$77.3507,$77.3000
Oct 27 2020,$79.2482,$79.2950
Oct 26 2020,$79.6618,$79.6250
Oct 23 2020,$80.7845,$80.7200
Oct 22 2020,$80.5192,$80.5050
Oct 21 2020,$80.1038,$80.1950
Oct 20 2020,$80.1665,$80.2950
Oct 19 2020,$80.2255,$80.2050
Oct 16 2020,$81.4627,$81.5850
Oct 15 2020,$81.7110,$81.6550
Oct 14 2020,$81.3257,$81.3650
Oct 13 2020,$81.8185,$81.9350
Oct 09 2020,$80.9765,$80.9450
Oct 08 2020,$80.7026,$80.6900
Oct 07 2020,$80.4191,$80.4600
Oct 06 2020,$79.2178,$79.2850
Oct 05 2020,$80.1377,$80.1450
Oct 02 2020,$79.0381,$79.0950
Oct 01 2020,$79.5944,$79.5850
Sep 30 2020,$79.3098,$79.4900
Sep 29 2020,$79.1639,$79.2450
Sep 28 2020,$79.8544,$79.7200
Sep 25 2020,$78.5833,$78.6550
Sep 24 2020,$77.1600,$77.1800
Sep 23 2020,$77.0922,$77.0850
Sep 22 2020,$78.4841,$78.4850
Sep 21 2020,$77.7046,$77.5950
Sep 18 2020,$77.9257,$78.0100
Sep 17 2020,$78.5682,$78.5000
Sep 16 2020,$79.4266,$79.4750
Sep 15 2020,$79.8056,$79.8150
Sep 14 2020,$79.3310,$79.4050
Sep 11 2020,$78.3522,$78.4050
Sep 10 2020,$78.3500,$78.4050
Sep 09 2020,$79.5120,$79.5650
Sep 08 2020,$78.4155,$78.4850
Sep 04 2020,$79.5891,$79.5850
Sep 03 2020,$80.6429,$80.6550
Sep 02 2020,$83.0446,$83.1150
Sep 01 2020,$82.0281,$81.9550
Aug 31 2020,$81.0544,$81.3350
Aug 28 2020,$81.7017,$81.7000
Aug 27 2020,$81.3293,$81.3750
Aug 26 2020,$81.3090,$81.3300
Aug 25 2020,$80.6859,$80.6800
Aug 24 2020,$80.6707,$80.5800
Aug 21 2020,$79.6150,$79.6250
Aug 20 2020,$79.2717,$79.3100
Aug 19 2020,$79.2588,$79.2850
Aug 18 2020,$79.3346,$79.2750
Aug 17 2020,$79.3132,$79.2800
Aug 14 2020,$79.4416,$79.3850
Aug 13 2020,$79.2081,$79.1850
Aug 12 2020,$79.5719,$79.5950
Aug 11 2020,$78.8135,$78.7550
Aug 10 2020,$79.6999,$79.6650
Aug 07 2020,$79.6136,$79.5600
Aug 06 2020,$79.0924,$79.0250
Aug 05 2020,$78.4171,$78.4450
Aug 04 2020,$78.1957,$78.1350
Jul 31 2020,$77.8142,$77.6550
Jul 30 2020,$77.4827,$77.4850
Jul 29 2020,$77.1566,$77.1050
Jul 28 2020,$76.4460,$76.4050
Jul 27 2020,$76.7991,$76.7850
Jul 24 2020,$76.5859,$76.5750
Jul 23 2020,$77.0187,$76.9450
Jul 22 2020,$77.9941,$77.9750
Jul 21 2020,$77.7985,$77.7500
Jul 20 2020,$78.1073,$78.1950
Jul 17 2020,$77.6890,$77.6950
Jul 16 2020,$77.4441,$77.4250
Jul 15 2020,$77.3297,$77.3050
Jul 14 2020,$77.2340,$77.2800
Jul 13 2020,$76.1807,$76.2500
Jul 10 2020,$76.8058,$76.8450
Jul 09 2020,$76.0204,$75.9800
Jul 08 2020,$75.9461,$75.9000
Jul 07 2020,$75.9390,$75.8950
Jul 06 2020,$76.3428,$76.2700
Jul 03 2020,$75.2518,$75.0550
Jul 02 2020,$75.3741,$75.3250
Jun 30 2020,$74.4917,$74.6100
Jun 29 2020,$74.0612,$73.9050
Jun 26 2020,$73.3349,$73.3250
Jun 25 2020,$74.9573,$74.9450
Jun 24 2020,$74.0724,$74.0450
Jun 23 2020,$75.6259,$75.6850
Jun 22 2020,$75.1738,$75.1600
Jun 19 2020,$75.0734,$75.2250
Jun 18 2020,$75.5492,$75.5150
Jun 17 2020,$75.2424,$75.3600
Jun 16 2020,$75.5586,$75.3650
Jun 15 2020,$74.1584,$74.0850
Jun 12 2020,$73.6214,$73.7050
Jun 11 2020,$72.8681,$72.8950
Jun 10 2020,$76.0495,$76.1350
Jun 09 2020,$76.5839,$76.6350
Jun 08 2020,$76.8957,$76.8450
Jun 05 2020,$76.4497,$76.4050
Jun 04 2020,$74.8601,$74.7600
Jun 03 2020,$75.0122,$74.9850
Jun 02 2020,$74.1831,$74.0950
Jun 01 2020,$73.8260,$73.8100
May 29 2020,$74.5838,$74.7100
May 28 2020,$74.2831,$74.3250
May 27 2020,$74.3407,$74.2950
May 26 2020,$73.4671,$73.3750
May 25 2020,$73.5500,$74.6000
May 22 2020,$73.5372,$73.5100
May 21 2020,$73.1413,$73.1350
May 20 2020,$73.4432,$73.4650
May 19 2020,$72.4000,$72.4700
May 15 2020,$71.8196,$71.7950
May 14 2020,$71.1679,$71.0550
May 13 2020,$70.6383,$70.7250
May 12 2020,$71.7195,$71.9000
May 11 2020,$72.9583,$73.0550
May 08 2020,$72.4898,$72.4350
May 07 2020,$71.6690,$71.6050
May 06 2020,$71.5852,$71.6100
May 05 2020,$71.5788,$71.6200
May 04 2020,$71.1176,$71.1150
May 01 2020,$70.7432,$70.6200
Apr 30 2020,$71.9962,$72.0850
Apr 29 2020,$72.4366,$72.4400
Apr 28 2020,$71.1738,$71.1700
Apr 27 2020,$71.7242,$71.7500
Apr 24 2020,$70.9973,$70.9150
Apr 23 2020,$69.8680,$69.9450
Apr 22 2020,$70.4405,$70.4950
Apr 21 2020,$68.9245,$69.0500
Apr 20 2020,$70.8214,$70.9200
Apr 17 2020,$71.6260,$71.5200
Apr 16 2020,$70.1297,$70.1950
Apr 15 2020,$69.6585,$69.6850
Apr 14 2020,$70.2310,$70.1800
Apr 13 2020,$67.9642,$68.0250
Apr 09 2020,$69.2220,$69.2600
Apr 08 2020,$68.4755,$68.4050
Apr 07 2020,$65.9660,$66.1000
Apr 06 2020,$66.5534,$66.7350
Apr 03 2020,$62.4632,$62.4250
Apr 02 2020,$63.5592,$63.4950
Apr 01 2020,$62.2731,$62.2700
Mar 31 2020,$64.5414,$64.4200
Mar 30 2020,$65.8356,$65.7950
Mar 27 2020,$63.0929,$63.0600
Mar 26 2020,$65.3715,$65.4150
Mar 25 2020,$62.3307,$62.3050
Mar 24 2020,$62.7721,$62.6750
Mar 23 2020,$57.5264,$57.9200
Mar 20 2020,$58.7897,$58.8800
Mar 19 2020,$61.9186,$61.9100
Mar 18 2020,$61.5093,$60.8200
Mar 17 2020,$64.2065,$63.3750
Mar 16 2020,$59.1907,$59.2450
Mar 13 2020,$66.3792,$65.9000
Mar 12 2020,$60.8352,$61.0250
Mar 11 2020,$66.7168,$66.9100
Mar 10 2020,$70.2253,$70.0250
Mar 09 2020,$66.7130,$66.9500
Mar 06 2020,$70.9842,$71.0600
Mar 05 2020,$72.2084,$72.3300
Mar 04 2020,$74.5690,$74.5600
Mar 03 2020,$71.4737,$71.4500
Mar 02 2020,$73.3058,$73.2200
Feb 28 2020,$70.6371,$70.2200
Feb 27 2020,$70.8543,$72.9950
Feb 26 2020,$73.7747,$73.8600
Feb 25 2020,$73.9743,$74.0250
Feb 24 2020,$76.2426,$76.3200
Feb 21 2020,$78.4593,$78.4200
Feb 20 2020,$79.5329,$79.5600
Feb 19 2020,$79.6506,$79.6900
Feb 18 2020,$79.4458,$79.4100
Feb 14 2020,$79.6165,$79.6100
Feb 13 2020,$79.5612,$79.5150
Feb 12 2020,$79.5813,$79.5900
Feb 11 2020,$79.2940,$79.2400
Feb 10 2020,$79.3167,$79.2800
Feb 07 2020,$78.6606,$78.6700
Feb 06 2020,$79.0061,$79.0200
Feb 05 2020,$78.7296,$78.6800
Feb 04 2020,$77.7908,$77.7550
Feb 03 2020,$76.7084,$76.7000
Jan 31 2020,$75.7856,$75.8450
Jan 30 2020,$76.9248,$76.9450
Jan 29 2020,$76.7603,$76.7550
Jan 28 2020,$76.6044,$76.6100
Jan 27 2020,$75.9073,$75.9300
Jan 24 2020,$76.8732,$76.8700
Jan 23 2020,$77.5129,$77.5200
Jan 22 2020,$77.4869,$77.5150
Jan 21 2020,$77.1129,$77.1200
Jan 20 2020,$77.0776,$77.1700
Jan 17 2020,$77.2020,$77.2050
Jan 16 2020,$76.7884,$76.7700
Jan 15 2020,$76.1930,$76.1600
Jan 14 2020,$76.1054,$76.0850
Jan 13 2020,$76.1921,$76.1900
Jan 10 2020,$75.7061,$75.7000
Jan 09 2020,$75.9558,$75.9550
Jan 08 2020,$75.2412,$75.2200
Jan 07 2020,$74.7001,$74.7000
Jan 06 2020,$74.6562,$74.6450
Jan 03 2020,$74.5185,$74.5750
Jan 02 2020,$75.0640,$75.0400
Dec 31 2019,$74.3938,$74.3550
Dec 30 2019,$74.6287,$74.5600
Dec 27 2019,$75.4530,$75.4450
Dec 24 2019,$75.4968,$75.5050
Dec 23 2019,$75.4570,$75.4350
Dec 20 2019,$75.4700,$75.4850
Dec 19 2019,$74.9055,$74.8750
Dec 18 2019,$74.5048,$74.5500
Dec 17 2019,$74.8095,$74.8450
Dec 16 2019,$74.7802,$74.7850
Dec 13 2019,$74.4107,$74.4450
Dec 12 2019,$74.3435,$74.3250
Dec 11 2019,$73.6928,$73.7050
Dec 10 2019,$73.7943,$73.7800
Dec 09 2019,$73.8357,$73.8450
Dec 06 2019,$74.2405,$74.2450
Dec 05 2019,$73.1367,$73.1150
Dec 04 2019,$73.0847,$73.1100
Dec 03 2019,$73.1924,$73.2200
Dec 02 2019,$73.7126,$73.6900
Nov 29 2019,$74.2311,$74.4550
Nov 28 2019,$74.5110,$74.6150
Nov 27 2019,$74.5114,$74.5150
Nov 26 2019,$74.1284,$74.1450
Nov 25 2019,$74.1299,$74.1000
Nov 22 2019,$73.5080,$73.5050
Nov 21 2019,$73.3019,$73.2800
Nov 20 2019,$73.5395,$73.4900
Nov 19 2019,$73.6028,$73.6250
Nov 18 2019,$73.2922,$73.2650
Nov 15 2019,$73.3491,$73.3150
Nov 14 2019,$72.9358,$72.9300
Nov 13 2019,$72.8412,$72.8550
Nov 12 2019,$72.7391,$72.7300
Nov 11 2019,$72.5245,$72.4950
Nov 08 2019,$72.6821,$72.6500
Nov 07 2019,$72.2288,$72.1950
Nov 06 2019,$72.0012,$71.9900
Nov 05 2019,$71.8703,$71.8700
Nov 04 2019,$71.8938,$71.8800
Nov 01 2019,$71.5628,$71.5050
Oct 31 2019,$71.0343,$70.9650
Oct 30 2019,$71.2341,$71.1850
Oct 29 2019,$70.6072,$70.5950
Oct 28 2019,$70.4426,$70.4450
Oct 25 2019,$70.0414,$70.0900
Oct 24 2019,$69.8230,$69.8650
Oct 23 2019,$69.7332,$69.7050
Oct 22 2019,$69.6506,$69.6750
Oct 21 2019,$69.8166,$69.8050
Oct 18 2019,$69.5399,$69.6050
Oct 17 2019,$69.9414,$69.9450
Oct 16 2019,$70.0662,$70.0400
Oct 15 2019,$70.1815,$70.2050
Oct 11 2019,$69.5712,$69.6300
Oct 10 2019,$69.3432,$69.3200
Oct 09 2019,$69.0613,$69.0650
Oct 08 2019,$68.3701,$68.4250
Oct 07 2019,$69.3673,$69.4750
Oct 04 2019,$69.6926,$69.7200
Oct 03 2019,$68.8632,$68.8100
Oct 02 2019,$68.2035,$68.1850
Oct 01 2019,$68.9402,$68.9400
Sep 30 2019,$69.9299,$69.9650
Sep 27 2019,$69.5630,$69.5350
Sep 26 2019,$70.1189,$70.0900
Sep 25 2019,$70.2484,$70.2200
Sep 24 2019,$69.9633,$69.9350
Sep 23 2019,$70.6489,$70.6350
Sep 20 2019,$70.6830,$70.7750
Sep 19 2019,$70.9992,$71.0100
Sep 18 2019,$71.1405,$71.1100
Sep 17 2019,$70.8588,$70.8900
Sep 16 2019,$70.6960,$70.7150
Sep 13 2019,$71.1224,$71.0900
Sep 12 2019,$70.7925,$70.8350
Sep 11 2019,$70.4705,$70.4000
Sep 10 2019,$69.7421,$69.6400
Sep 09 2019,$69.7747,$69.7650
Sep 06 2019,$69.8605,$69.8550
Sep 05 2019,$70.0796,$70.0650
Sep 04 2019,$69.1521,$69.1350
Sep 03 2019,$68.9859,$68.9550
Aug 30 2019,$69.2333,$69.2750
Aug 29 2019,$69.1682,$69.1500
Aug 28 2019,$68.3317,$68.3200
Aug 27 2019,$67.8222,$67.8700
Aug 26 2019,$67.8750,$67.7400
Aug 23 2019,$67.3084,$67.1500
Aug 22 2019,$69.1253,$69.1400
Aug 21 2019,$69.1044,$69.0900
Aug 20 2019,$68.6777,$68.6900
Aug 19 2019,$69.3127,$69.3350
Aug 16 2019,$68.1404,$68.1550
Aug 15 2019,$67.3894,$67.4450
Aug 14 2019,$67.1630,$67.2900
Aug 13 2019,$68.7949,$68.7400
Aug 12 2019,$67.7792,$67.8250
Aug 09 2019,$68.4569,$68.4700
Aug 08 2019,$69.0368,$68.9800
Aug 07 2019,$68.1099,$68.2200
Aug 06 2019,$67.9051,$67.9300
Aug 02 2019,$68.7649,$68.7350
Aug 01 2019,$69.3055,$69.3000
Jul 31 2019,$69.7778,$69.8750
Jul 30 2019,$70.3316,$70.2650
Jul 29 2019,$70.5345,$70.5400
Jul 26 2019,$70.7185,$70.7250
Jul 25 2019,$70.1872,$70.1250
Jul 24 2019,$70.4589,$70.4350
Jul 23 2019,$70.1118,$70.0750
Jul 22 2019,$69.4535,$69.4350
Jul 19 2019,$69.0195,$69.0350
Jul 18 2019,$69.2664,$69.2350
Jul 17 2019,$69.0776,$69.1200
Jul 16 2019,$69.6861,$69.7000
Jul 15 2019,$69.7830,$69.7450
Jul 12 2019,$69.6721,$69.6850
Jul 11 2019,$69.4726,$69.4950
Jul 10 2019,$69.4425,$69.4250
Jul 09 2019,$69.3588,$69.3950
Jul 08 2019,$69.1142,$69.1100
Jul 05 2019,$69.3478,$69.2650
Jul 04 2019,$69.3329,$69.5850
Jul 03 2019,$69.3913,$69.4700
Jul 02 2019,$69.1093,$69.0400
Jun 28 2019,$68.2444,$68.2550
Jun 27 2019,$67.9032,$67.9850
Jun 26 2019,$68.0949,$68.1150
Jun 25 2019,$68.4360,$68.5000
Jun 24 2019,$69.1771,$69.1700
Jun 21 2019,$69.3981,$69.4250
Jun 20 2019,$69.3853,$69.4850
Jun 19 2019,$69.2553,$69.2850
Jun 18 2019,$69.5614,$69.5600
Jun 17 2019,$69.0346,$68.9950
Jun 14 2019,$68.9726,$68.9950
Jun 13 2019,$68.6698,$68.5850
Jun 12 2019,$68.3884,$68.3550
Jun 11 2019,$68.2480,$68.2500
Jun 10 2019,$68.1710,$68.1950
Jun 07 2019,$67.9117,$67.9450
Jun 06 2019,$67.7041,$67.6750
Jun 05 2019,$67.5284,$67.5000
Jun 04 2019,$66.8274,$66.8250
Jun 03 2019,$65.6275,$65.6700
May 31 2019,$66.1705,$66.2050
May 30 2019,$67.0210,$66.9900
May 29 2019,$66.8874,$66.9550
May 28 2019,$67.2461,$67.3400
May 27 2019,$67.5961,$67.8050
May 24 2019,$67.5537,$67.5450
May 23 2019,$67.6450,$67.6200
May 22 2019,$68.1922,$68.2450
May 21 2019,$68.2650,$68.2900
May 17 2019,$68.4157,$68.4250
May 16 2019,$68.8556,$68.8300
May 15 2019,$68.1356,$68.1300
May 14 2019,$67.8458,$67.8650
May 13 2019,$67.2969,$67.3250
May 10 2019,$68.6929,$68.6300
May 09 2019,$68.6183,$68.6200
May 08 2019,$68.9266,$68.9800
May 07 2019,$69.0317,$68.9450
May 06 2019,$69.9843,$69.9650
May 03 2019,$70.2003,$70.2050
May 02 2019,$69.7577,$69.7350
May 01 2019,$69.7637,$69.7950
Apr 30 2019,$70.0360,$70.0700
Apr 29 2019,$70.2559,$70.2900
Apr 26 2019,$70.2355,$70.1850
Apr 25 2019,$70.0475,$70.0800
Apr 24 2019,$70.0867,$70.1250
Apr 23 2019,$69.9441,$69.9450
Apr 22 2019,$68.8968,$68.9100
Apr 18 2019,$68.9950,$68.9900
Apr 17 2019,$68.6931,$68.6950
Apr 16 2019,$68.9128,$68.8800
Apr 15 2019,$68.9436,$68.9550
Apr 12 2019,$68.7789,$68.7550
Apr 11 2019,$68.5143,$68.5500
Apr 10 2019,$68.2865,$68.2550
Apr 09 2019,$68.0698,$67.9850
Apr 08 2019,$68.3489,$68.3350
Apr 05 2019,$68.6747,$68.6400
Apr 04 2019,$68.1925,$68.1900
Apr 03 2019,$67.9660,$67.9750
Apr 02 2019,$67.8217,$67.8350
Apr 01 2019,$67.6741,$67.7000
Mar 29 2019,$67.1548,$67.1850
Mar 28 2019,$67.1098,$67.0950
Mar 27 2019,$66.6868,$66.6350
Mar 26 2019,$66.9005,$66.8700
Mar 25 2019,$66.4858,$66.5150
Mar 22 2019,$66.6755,$66.7350
Mar 21 2019,$67.7032,$67.6850
Mar 20 2019,$66.8917,$66.9450
Mar 19 2019,$67.2422,$67.1950
Mar 18 2019,$67.3782,$67.3650
Mar 15 2019,$67.1709,$67.1150
Mar 14 2019,$66.7326,$66.7000
Mar 13 2019,$66.5932,$66.5750
Mar 12 2019,$66.4586,$66.4050
Mar 11 2019,$66.4291,$66.4350
Mar 08 2019,$65.5038,$65.5050
Mar 07 2019,$65.9104,$65.9050
Mar 06 2019,$66.3091,$66.3250
Mar 05 2019,$66.3211,$66.3750
Mar 04 2019,$66.1874,$66.1350
Mar 01 2019,$66.3678,$66.3750
Feb 28 2019,$65.2480,$65.2550
Feb 27 2019,$65.3662,$65.3600
Feb 26 2019,$65.4740,$65.4950
Feb 25 2019,$65.6444,$65.6650
Feb 22 2019,$65.3190,$65.3250
Feb 21 2019,$65.3050,$65.2750
Feb 20 2019,$65.3152,$65.2550
Feb 19 2019,$65.3329,$65.3200
Feb 15 2019,$65.4083,$65.3700
Feb 14 2019,$64.9004,$64.9150
Feb 13 2019,$64.8659,$64.8650
Feb 12 2019,$64.6051,$64.5950
Feb 11 2019,$64.0712,$64.0700
Feb 08 2019,$63.8742,$63.7700
Feb 07 2019,$63.9556,$63.9100
Feb 06 2019,$64.1303,$64.0800
Feb 05 2019,$63.8547,$63.8350
Feb 04 2019,$63.4806,$63.4300
Feb 01 2019,$62.8969,$62.9000
Jan 31 2019,$63.1006,$63.1700
Jan 30 2019,$62.6291,$62.6100
Jan 29 2019,$62.2682,$62.2350
Jan 28 2019,$62.2140,$62.1650
Jan 25 2019,$62.5691,$62.5300
Jan 24 2019,$62.6491,$62.6750
Jan 23 2019,$62.5356,$62.5050
Jan 22 2019,$62.4871,$62.2850
Jan 21 2019,$63.0668,$63.1400
Jan 18 2019,$62.9580,$62.9000
Jan 17 2019,$62.1274,$62.1050
Jan 16 2019,$61.5791,$61.5550
Jan 15 2019,$61.5035,$61.4650
Jan 14 2019,$60.8193,$60.8900
Jan 11 2019,$61.1333,$61.1300
Jan 10 2019,$61.0095,$61.0050
Jan 09 2019,$60.6542,$60.6250
Jan 08 2019,$60.6540,$60.6450
Jan 07 2019,$60.1587,$60.2100
Jan 04 2019,$60.1645,$60.1500
Jan 03 2019,$58.6097,$58.6550
Jan 02 2019,$60.4882,$60.4100
Dec 31 2018,$60.7526,$60.4150
Dec 28 2018,$60.2396,$60.1000
Dec 27 2018,$60.4045,$60.2200
Dec 24 2018,$56.9063,$57.0600
Dec 21 2018,$58.5121,$58.5650
Dec 20 2018,$59.2125,$59.1300
Dec 19 2018,$60.2214,$60.3450
Dec 18 2018,$61.1189,$61.1600
Dec 17 2018,$60.8283,$60.8200
Dec 14 2018,$62.0176,$61.9850
Dec 13 2018,$63.0490,$63.0600
Dec 12 2018,$63.1005,$63.1600
Dec 11 2018,$62.9254,$62.9650
Dec 10 2018,$62.9614,$63.0500
Dec 07 2018,$62.4524,$62.5200
Dec 06 2018,$64.2159,$64.1600
Dec 05 2018,$64.4200,$64.8800
Dec 04 2018,$63.8110,$63.7700
Dec 03 2018,$65.6451,$65.6350
Nov 30 2018,$65.2152,$65.2300
Nov 29 2018,$64.7613,$64.7750
Nov 28 2018,$64.8242,$64.7650
Nov 27 2018,$63.4759,$63.4500
Nov 26 2018,$63.0850,$63.0600
Nov 23 2018,$62.0118,$61.9850
Nov 22 2018,$62.1901,$62.2200
Nov 21 2018,$62.4637,$62.5150
Nov 20 2018,$62.5546,$62.5650
Nov 19 2018,$63.1045,$63.0500
Nov 16 2018,$64.0737,$64.0350
Nov 15 2018,$64.0418,$63.9150
Nov 14 2018,$63.6406,$63.6250
Nov 13 2018,$64.0935,$64.1100
Nov 12 2018,$64.2110,$64.2050
Nov 09 2018,$65.2924,$65.3300
Nov 08 2018,$65.6915,$65.6500
Nov 07 2018,$65.5563,$65.5700
Nov 06 2018,$64.2640,$64.2650
Nov 05 2018,$63.7505,$63.7350
Nov 02 2018,$63.3710,$63.3150
Nov 01 2018,$63.7084,$63.6900
Oct 31 2018,$63.4232,$63.4300
Oct 30 2018,$62.5510,$62.5200
Oct 29 2018,$61.6813,$61.6100
Oct 26 2018,$61.7636,$61.6700
Oct 25 2018,$62.7895,$62.8150
Oct 24 2018,$61.5966,$61.4850
Oct 23 2018,$63.6765,$63.6600
Oct 22 2018,$64.1401,$64.2000
Oct 19 2018,$64.4461,$64.4650
Oct 18 2018,$64.3346,$64.2550
Oct 17 2018,$64.9370,$64.9150
Oct 16 2018,$64.5802,$64.5950
Oct 15 2018,$63.4489,$63.5650
Oct 12 2018,$64.0198,$64.1350
Oct 11 2018,$63.1788,$63.2100
Oct 10 2018,$64.5546,$64.5550
Oct 09 2018,$66.2281,$66.2350
Oct 05 2018,$66.3210,$66.3050
Oct 04 2018,$66.5941,$66.5800
Oct 03 2018,$66.7656,$66.7150
Oct 02 2018,$66.5486,$66.5350
Oct 01 2018,$66.4572,$66.4650
Sep 28 2018,$66.8012,$66.7850
Sep 27 2018,$67.4837,$67.5100
Sep 26 2018,$67.1182,$67.0750
Sep 25 2018,$67.3128,$67.2800
Sep 24 2018,$67.3567,$67.3700
Sep 21 2018,$67.4260,$67.4100
Sep 20 2018,$67.4031,$67.4050
Sep 19 2018,$66.9825,$66.9950
Sep 18 2018,$67.1922,$67.2300
Sep 17 2018,$67.0723,$67.0450
Sep 14 2018,$67.5079,$67.5200
Sep 13 2018,$67.3019,$67.2900
Sep 12 2018,$66.9114,$66.9300
Sep 11 2018,$67.4673,$67.4800
Sep 10 2018,$67.4825,$67.4800
Sep 07 2018,$67.4243,$67.4650
Sep 06 2018,$67.4134,$67.4050
Sep 05 2018,$67.7792,$67.7900
Sep 04 2018,$67.9578,$67.9500
Aug 31 2018,$67.4043,$67.4350
Aug 30 2018,$66.9990,$67.0250
Aug 29 2018,$66.9410,$66.9450
Aug 28 2018,$66.7309,$66.6850
Aug 27 2018,$66.7913,$66.8050
Aug 24 2018,$66.6504,$66.6300
Aug 23 2018,$66.5316,$66.5150
Aug 22 2018,$66.1367,$66.1650
Aug 21 2018,$66.4319,$66.4850
Aug 20 2018,$66.2906,$66.2950
Aug 17 2018,$66.2305,$66.2200
Aug 16 2018,$66.5185,$66.4850
Aug 15 2018,$65.8631,$65.8600
Aug 14 2018,$66.0258,$66.0350
Aug 13 2018,$65.9118,$65.9250
Aug 10 2018,$66.1185,$66.1350
Aug 09 2018,$66.1399,$66.1650
Aug 08 2018,$66.1090,$66.1450
Aug 07 2018,$66.3400,$66.3250
Aug 03 2018,$65.5471,$65.5100
Aug 02 2018,$65.3885,$65.3850
Aug 01 2018,$64.9634,$64.9600
Jul 31 2018,$65.0966,$65.1250
Jul 30 2018,$64.8812,$64.8850
Jul 27 2018,$65.4127,$65.3950
Jul 26 2018,$65.8957,$65.9100
Jul 25 2018,$65.9011,$65.8600
Jul 24 2018,$65.9016,$65.8850
Jul 23 2018,$65.6482,$65.6200
Jul 20 2018,$65.3170,$65.3100
Jul 19 2018,$66.0929,$66.0750
Jul 18 2018,$65.8423,$65.8650
Jul 17 2018,$65.8292,$65.8350
Jul 16 2018,$65.3147,$65.2950
Jul 13 2018,$65.4352,$65.4500
Jul 12 2018,$65.3942,$65.4050
Jul 11 2018,$65.0629,$65.0750
Jul 10 2018,$65.0616,$65.0700
Jul 09 2018,$64.8381,$64.8200
Jul 06 2018,$64.2179,$64.2300
Jul 05 2018,$63.8285,$63.7850
Jul 04 2018,$63.3530,$63.4850
Jul 03 2018,$63.2999,$63.2250
Jun 29 2018,$63.5270,$63.4850
Jun 28 2018,$63.9401,$63.9200
Jun 27 2018,$64.3469,$64.4350
Jun 26 2018,$64.6257,$64.6100
Jun 25 2018,$64.4307,$64.4550
Jun 22 2018,$65.2074,$65.2000
Jun 21 2018,$65.2193,$65.2050
Jun 20 2018,$65.6906,$65.7000
Jun 19 2018,$65.4293,$65.4350
Jun 18 2018,$65.2341,$65.2350
Jun 15 2018,$65.3580,$65.3150
Jun 14 2018,$64.9333,$64.9400
Jun 13 2018,$64.2291,$64.2550
Jun 12 2018,$64.6421,$64.6450
Jun 11 2018,$64.3677,$64.4150
Jun 08 2018,$64.0251,$64.0200
Jun 07 2018,$64.0765,$64.0750
Jun 06 2018,$63.9957,$63.9400
Jun 05 2018,$63.5622,$63.5350
Jun 04 2018,$63.2738,$63.2650
Jun 01 2018,$63.1129,$63.0800
May 31 2018,$62.4867,$62.5350
May 30 2018,$62.4717,$62.4750
May 29 2018,$62.3168,$62.3450
May 28 2018,$62.9993,$63.1800
May 25 2018,$62.8495,$62.8550
May 24 2018,$62.5952,$62.5750
May 23 2018,$62.4233,$62.3950
May 22 2018,$62.1690,$62.2100
May 18 2018,$62.1850,$62.2250
May 17 2018,$61.9485,$61.9700
May 16 2018,$61.9910,$61.9500
May 15 2018,$62.0708,$62.0200
May 14 2018,$62.1887,$62.1650
May 11 2018,$62.0710,$62.0450
May 10 2018,$61.7724,$61.7500
May 09 2018,$61.6473,$61.6350
May 08 2018,$61.5059,$61.4650
May 07 2018,$61.2260,$61.2250
May 04 2018,$60.9016,$60.8350
May 03 2018,$60.0719,$60.0200
May 02 2018,$60.3215,$60.2950
May 01 2018,$60.6437,$60.6350
Apr 30 2018,$60.4201,$60.4650
Apr 27 2018,$60.8773,$60.9900
Apr 26 2018,$61.0521,$61.0400
Apr 25 2018,$60.2692,$60.1850
Apr 24 2018,$60.0075,$59.9550
Apr 23 2018,$60.9413,$60.9150
Apr 20 2018,$60.5324,$60.4600
Apr 19 2018,$60.5912,$60.5550
Apr 18 2018,$60.7323,$60.7700
Apr 17 2018,$60.3521,$60.3600
Apr 16 2018,$59.8128,$59.8300
Apr 13 2018,$59.4890,$59.5150
Apr 12 2018,$59.5746,$59.5850
Apr 11 2018,$58.9955,$59.0100
Apr 10 2018,$59.4746,$59.4500
Apr 09 2018,$58.9884,$58.9750
Apr 06 2018,$59.0225,$59.0600
Apr 05 2018,$60.3007,$60.3450
Apr 04 2018,$59.9364,$60.0350
Apr 03 2018,$59.4162,$59.3850
Apr 02 2018,$59.1600,$59.1950
Mar 29 2018,$60.4205,$60.4700
Mar 28 2018,$59.7549,$59.7850
Mar 27 2018,$59.7645,$59.7600
Mar 26 2018,$60.6642,$60.6650
Mar 23 2018,$59.3641,$59.4300
Mar 22 2018,$60.8955,$60.9250
Mar 21 2018,$62.3504,$62.4350
Mar 20 2018,$63.3718,$63.3800
Mar 19 2018,$63.1541,$63.2200
Mar 16 2018,$64.1708,$64.2650
Mar 15 2018,$63.8946,$63.9550
Mar 14 2018,$63.4532,$63.4250
Mar 13 2018,$63.8976,$63.9150
Mar 12 2018,$63.6504,$63.7450
Mar 09 2018,$63.6259,$63.5850
Mar 08 2018,$62.9219,$62.8350
Mar 07 2018,$62.6371,$62.6300
Mar 06 2018,$62.6039,$62.5750
Mar 05 2018,$62.9507,$62.9700
Mar 02 2018,$61.7505,$61.7900
Mar 01 2018,$61.0949,$61.1050
Feb 28 2018,$61.9815,$62.0700
Feb 27 2018,$62.3551,$62.4450
Feb 26 2018,$62.7209,$62.6600
Feb 23 2018,$61.9334,$61.8850
Feb 22 2018,$61.1809,$61.2050
Feb 21 2018,$60.9918,$61.0450
Feb 20 2018,$61.1037,$61.1150
Feb 16 2018,$61.0291,$61.1050
Feb 15 2018,$60.7060,$60.6150
Feb 14 2018,$60.0163,$60.0400
Feb 13 2018,$59.6678,$59.6500
Feb 12 2018,$59.4986,$59.4750
Feb 09 2018,$58.6494,$58.5750
Feb 08 2018,$57.8421,$58.0300
Feb 07 2018,$59.8738,$59.9900
Feb 06 2018,$59.9462,$59.7500
Feb 05 2018,$58.9311,$59.1100
Feb 02 2018,$60.9471,$60.9600
Feb 01 2018,$61.4986,$61.5100
Jan 31 2018,$61.7133,$61.7400
Jan 30 2018,$61.8040,$61.8850
Jan 29 2018,$62.4930,$62.5650
Jan 26 2018,$62.8871,$62.8400
Jan 25 2018,$62.3656,$62.3700
Jan 24 2018,$62.1632,$62.1900
Jan 23 2018,$62.6732,$62.6950
Jan 22 2018,$62.6696,$62.6400
Jan 19 2018,$62.4326,$62.4200
Jan 18 2018,$61.7340,$61.7400
Jan 17 2018,$61.8630,$61.8300
Jan 16 2018,$61.3006,$61.3200
Jan 15 2018,$61.4677,$62.4500
Jan 12 2018,$61.7078,$61.6800
Jan 11 2018,$61.5774,$61.5500
Jan 10 2018,$61.2043,$61.2200
Jan 09 2018,$60.9326,$60.9250
Jan 08 2018,$60.5951,$60.6000
Jan 05 2018,$60.4167,$60.4300
Jan 04 2018,$60.4456,$60.4400
Jan 03 2018,$60.3768,$60.3800
Jan 02 2018,$59.8693,$59.8300
Dec 29 2017,$59.7353,$59.7300
Dec 28 2017,$59.9447,$59.9550
Dec 27 2017,$60.4030,$60.3900
Dec 22 2017,$60.8698,$60.8100
Dec 21 2017,$60.9587,$60.9500
Dec 20 2017,$61.2674,$61.2900
Dec 19 2017,$61.5081,$61.5400
Dec 18 2017,$61.6988,$61.6950
Dec 15 2017,$61.3776,$61.3450
Dec 14 2017,$60.2927,$60.3300
Dec 13 2017,$60.8453,$60.8400
Dec 12 2017,$61.0809,$61.0850
Dec 11 2017,$60.9266,$60.9100
Dec 08 2017,$60.7822,$60.7500
Dec 07 2017,$60.3690,$60.3550
Dec 06 2017,$59.9126,$59.9200
Dec 05 2017,$59.4565,$59.4600
Dec 04 2017,$59.6844,$59.7350
Dec 01 2017,$59.7274,$59.7100
Nov 30 2017,$60.8061,$60.8800
Nov 29 2017,$60.1008,$60.1300
Nov 28 2017,$59.9223,$59.9100
Nov 27 2017,$59.0962,$59.1300
Nov 24 2017,$58.8730,$58.8950
Nov 23 2017,$58.7708,$59.0200
Nov 22 2017,$58.7039,$58.7050
Nov 21 2017,$59.1294,$59.1250
Nov 20 2017,$58.8418,$58.8500
Nov 17 2017,$58.5657,$58.5600
Nov 16 2017,$58.6871,$58.6700
Nov 15 2017,$58.2387,$58.2200
Nov 14 2017,$58.3889,$58.3900
Nov 13 2017,$58.5112,$58.5100
Nov 10 2017,$58.2084,$58.2200
Nov 09 2017,$58.2337,$58.2600
Nov 08 2017,$58.6591,$58.6500
Nov 07 2017,$58.8145,$58.7800
Nov 06 2017,$58.5608,$58.5700
Nov 03 2017,$58.7022,$58.6600
Nov 02 2017,$58.7018,$58.7150
Nov 01 2017,$58.9403,$58.9300
Oct 31 2017,$59.0028,$59.0350
Oct 30 2017,$58.5634,$58.6000
Oct 27 2017,$58.8114,$58.7700
Oct 26 2017,$58.4330,$58.4800
Oct 25 2017,$58.1400,$58.1500
Oct 24 2017,$57.8819,$57.8600
Oct 23 2017,$57.6278,$57.6100
Oct 20 2017,$57.7380,$57.6800
Oct 19 2017,$56.8062,$56.7900
Oct 18 2017,$56.6977,$56.6900
Oct 17 2017,$56.9424,$56.9300
Oct 16 2017,$56.8744,$56.8900
Oct 13 2017,$56.6081,$56.5900
Oct 12 2017,$56.4797,$56.4600
Oct 11 2017,$56.5191,$56.5100
Oct 10 2017,$56.6788,$56.6400
Oct 06 2017,$56.7621,$56.7550
Oct 05 2017,$56.9514,$56.9500
Oct 04 2017,$56.1971,$56.1900
Oct 03 2017,$56.1603,$56.1600
Oct 02 2017,$56.1657,$56.1400
Sep 29 2017,$55.7723,$55.7550
Sep 28 2017,$55.3874,$55.3800
Sep 27 2017,$55.5137,$55.5100
Sep 26 2017,$54.7433,$54.7250
Sep 25 2017,$54.8487,$54.8100
Sep 22 2017,$54.7412,$54.7900
Sep 21 2017,$54.7528,$54.7400
Sep 20 2017,$54.8568,$54.8300
Sep 19 2017,$54.8637,$54.8450
Sep 18 2017,$54.8865,$54.8800
Sep 15 2017,$54.2926,$54.2700
Sep 14 2017,$54.2172,$54.2100
Sep 13 2017,$54.2339,$54.2200
Sep 12 2017,$54.1832,$54.1600
Sep 11 2017,$53.7150,$53.7200
Sep 08 2017,$53.2343,$53.2700
Sep 07 2017,$53.2442,$53.2450
Sep 06 2017,$53.7126,$53.7250
Sep 05 2017,$54.1994,$54.2200
Sep 01 2017,$54.6090,$54.6350
Aug 31 2017,$54.9688,$54.9200
Aug 30 2017,$55.2335,$55.2200
Aug 29 2017,$54.5290,$54.5400
Aug 28 2017,$54.3922,$54.3750
Aug 25 2017,$54.2883,$54.2900
Aug 24 2017,$54.3804,$54.3950
Aug 23 2017,$54.5783,$54.5900
Aug 22 2017,$54.8613,$54.8300
Aug 21 2017,$54.3116,$54.3300
Aug 18 2017,$54.2914,$54.2900
Aug 17 2017,$54.8127,$54.8300
Aug 16 2017,$55.4682,$55.4200
Aug 15 2017,$55.9216,$55.9200
Aug 14 2017,$55.8050,$55.8100
Aug 11 2017,$55.0766,$55.0600
Aug 10 2017,$55.2566,$55.2500
Aug 09 2017,$55.8570,$55.8500
Aug 08 2017,$55.7241,$55.7100
Aug 04 2017,$55.6758,$55.6550
Aug 03 2017,$55.2864,$55.2600
Aug 02 2017,$55.3377,$55.3400
Aug 01 2017,$55.1522,$55.1500
Jul 31 2017,$54.7236,$54.7100
Jul 28 2017,$54.6323,$54.6300
Jul 27 2017,$55.2245,$55.2000
Jul 26 2017,$54.8172,$54.7900
Jul 25 2017,$55.0357,$55.0300
Jul 24 2017,$54.8905,$54.8800
Jul 21 2017,$55.0686,$55.0500
Jul 20 2017,$55.3258,$55.3100
Jul 19 2017,$55.3330,$55.3250
Jul 18 2017,$55.1675,$55.1500
Jul 17 2017,$55.4076,$55.4050
Jul 14 2017,$55.2389,$55.2450
Jul 13 2017,$55.3129,$55.3150
Jul 12 2017,$55.2758,$55.2700
Jul 11 2017,$55.6541,$55.6700
Jul 10 2017,$55.5523,$55.5400
Jul 07 2017,$55.4738,$55.4700
Jul 06 2017,$55.4924,$55.5000
Jul 05 2017,$55.9924,$56.0400
Jul 04 2017,$55.7303,$55.9100
Jun 30 2017,$55.7730,$55.8200
Jun 29 2017,$55.8390,$55.8450
Jun 28 2017,$56.4411,$56.4300
Jun 27 2017,$56.5165,$56.5450
Jun 26 2017,$57.3279,$57.3200
Jun 23 2017,$57.3992,$57.4200
Jun 22 2017,$57.4127,$57.4150
Jun 21 2017,$57.8040,$57.7900
Jun 20 2017,$57.5864,$57.6000
Jun 19 2017,$57.7720,$57.7400
Jun 16 2017,$57.3104,$57.2750
Jun 15 2017,$57.5421,$57.5200
Jun 14 2017,$57.4712,$57.4500
Jun 13 2017,$57.5479,$57.5000
Jun 12 2017,$57.6774,$57.6650
Jun 09 2017,$58.2719,$58.2550
Jun 08 2017,$58.5260,$58.5500
Jun 07 2017,$58.5333,$58.5200
Jun 06 2017,$58.1167,$58.1250
Jun 05 2017,$58.4545,$58.4600
Jun 02 2017,$58.5568,$58.5250
Jun 01 2017,$58.4929,$58.4500
May 31 2017,$57.9866,$57.9950
May 30 2017,$57.7915,$57.8100
May 29 2017,$57.7669,$58.1350
May 26 2017,$57.8465,$57.8450
May 25 2017,$57.9256,$57.9250
May 24 2017,$57.3961,$57.4050
May 23 2017,$57.6787,$57.6600
May 19 2017,$57.2473,$57.2500
May 18 2017,$57.2665,$57.2750
May 17 2017,$57.0963,$57.1050
May 16 2017,$58.0094,$57.9850
May 15 2017,$58.2654,$58.2700
May 12 2017,$58.2549,$58.2400
May 11 2017,$58.2665,$58.2750
May 10 2017,$58.2260,$58.2200
May 09 2017,$58.4304,$58.4450
May 08 2017,$58.3686,$58.3600
May 05 2017,$58.2085,$58.1750
May 04 2017,$58.4087,$58.4100
May 03 2017,$58.1775,$58.1800
May 02 2017,$58.2169,$58.2050
May 01 2017,$58.0244,$58.0350
Apr 28 2017,$57.7870,$57.8150
Apr 27 2017,$57.7794,$57.7700
Apr 26 2017,$57.6859,$57.7100
Apr 25 2017,$57.5352,$57.5450
Apr 24 2017,$56.9637,$56.9550
Apr 21 2017,$56.3353,$56.3450
Apr 20 2017,$56.3641,$56.3900
Apr 19 2017,$55.9410,$55.9650
Apr 18 2017,$55.6542,$55.6750
Apr 17 2017,$55.5215,$55.5000
Apr 13 2017,$55.0935,$55.1350
Apr 12 2017,$55.2441,$55.2450
Apr 11 2017,$55.7234,$55.6650
Apr 10 2017,$55.7806,$55.7550
Apr 07 2017,$56.0660,$56.0550
Apr 06 2017,$56.1572,$56.1550
Apr 05 2017,$56.0431,$56.0800
Apr 04 2017,$56.1310,$56.1250
Apr 03 2017,$56.0079,$56.0150
Mar 31 2017,$55.7199,$55.7850
Mar 30 2017,$56.0028,$56.0150
Mar 29 2017,$55.8445,$55.8350
Mar 28 2017,$55.9781,$56.0250
Mar 27 2017,$55.5371,$55.5350
Mar 24 2017,$55.6343,$55.6000
Mar 23 2017,$55.7790,$55.8000
Mar 22 2017,$55.7289,$55.7550
Mar 21 2017,$55.7882,$55.7650
Mar 20 2017,$56.4970,$56.4850
Mar 17 2017,$56.4786,$56.5200
Mar 16 2017,$56.6008,$56.5900
Mar 15 2017,$56.5477,$56.5950
Mar 14 2017,$56.8313,$56.8250
Mar 13 2017,$56.8554,$56.8550
Mar 10 2017,$56.8893,$56.8900
Mar 09 2017,$56.8892,$56.8950
Mar 08 2017,$56.7765,$56.7950
Mar 07 2017,$56.5660,$56.5700
Mar 06 2017,$56.7015,$56.7400
Mar 03 2017,$56.7574,$56.7450
Mar 02 2017,$56.8069,$56.7900
Mar 01 2017,$56.8794,$56.8900
Feb 28 2017,$55.8552,$55.8800
Feb 27 2017,$55.5225,$55.5250
Feb 24 2017,$55.2096,$55.1800
Feb 23 2017,$55.1647,$55.1350
Feb 22 2017,$55.2603,$55.2450
Feb 21 2017,$55.2648,$55.2650
Feb 17 2017,$54.7748,$54.7450
Feb 16 2017,$54.6098,$54.6100
Feb 15 2017,$54.6300,$54.6150
Feb 14 2017,$54.3437,$54.3200
Feb 13 2017,$54.1413,$54.1350
Feb 10 2017,$53.8986,$53.8850
Feb 09 2017,$53.8944,$53.9050
Feb 08 2017,$53.6504,$53.6350
Feb 07 2017,$53.6407,$53.6300
Feb 06 2017,$53.3024,$53.2800
Feb 03 2017,$53.1694,$53.1450
Feb 02 2017,$52.7482,$52.7450
Feb 01 2017,$52.8307,$52.8300
Jan 31 2017,$52.6836,$52.6450
Jan 30 2017,$53.1191,$53.1450
Jan 27 2017,$53.5171,$53.5250
Jan 26 2017,$53.4263,$53.4300
Jan 25 2017,$53.3527,$53.3500
Jan 24 2017,$53.2888,$53.3000
Jan 23 2017,$53.3705,$53.3800
Jan 20 2017,$53.7397,$53.7450
Jan 19 2017,$53.5087,$53.5250
Jan 18 2017,$53.4816,$53.4950
Jan 17 2017,$52.5504,$52.5550
Jan 16 2017,$53.2520,$53.4900
Jan 13 2017,$53.0201,$53.0050
Jan 12 2017,$52.9401,$52.9650
Jan 11 2017,$53.2287,$53.2000
Jan 10 2017,$53.2835,$53.2950
Jan 09 2017,$53.3034,$53.3050
Jan 06 2017,$53.4806,$53.5100
Jan 05 2017,$53.3134,$53.3400
Jan 04 2017,$53.6262,$53.6200
Jan 03 2017,$53.8122,$53.7800
Dec 30 2016,$53.4086,$53.3800
Dec 29 2016,$53.9159,$53.8950
Dec 28 2016,$54.1190,$54.1100
Dec 23 2016,$54.6066,$54.6000
Dec 22 2016,$54.3980,$54.3600
Dec 21 2016,$54.1524,$54.1700
Dec 20 2016,$54.1343,$54.1250
Dec 19 2016,$54.1392,$54.1400
Dec 16 2016,$53.7315,$53.7300
Dec 15 2016,$53.8306,$53.8300
Dec 14 2016,$53.3445,$53.3200
Dec 13 2016,$53.2182,$53.2000
Dec 12 2016,$52.8511,$52.8350
Dec 09 2016,$53.1010,$53.0800
Dec 08 2016,$52.8216,$52.7950
Dec 07 2016,$52.8634,$52.8500
Dec 06 2016,$52.3915,$52.3700
Dec 05 2016,$52.1697,$52.1600
Dec 02 2016,$51.9088,$51.8850
Dec 01 2016,$52.0037,$52.0200
Nov 30 2016,$52.6619,$52.7000
Nov 29 2016,$52.7973,$52.7800
Nov 28 2016,$52.6514,$52.6400
Nov 25 2016,$53.3028,$53.3600
Nov 24 2016,$52.9613,$53.2150
Nov 23 2016,$52.9888,$52.9850
Nov 22 2016,$52.7693,$52.8200
Nov 21 2016,$52.5204,$52.5100
Nov 18 2016,$52.5153,$52.4750
Nov 17 2016,$52.5936,$52.6000
Nov 16 2016,$52.0915,$52.0900
Nov 15 2016,$52.2150,$52.1900
Nov 14 2016,$52.1826,$52.1800
Nov 11 2016,$52.1498,$52.1350
Nov 10 2016,$52.0002,$51.9950
Nov 09 2016,$51.5128,$51.4700
Nov 08 2016,$50.6642,$50.6200
Nov 07 2016,$50.6806,$50.6750
Nov 04 2016,$49.7121,$49.7200
Nov 03 2016,$49.7165,$49.7100
Nov 02 2016,$49.9445,$50.0100
Nov 01 2016,$50.2652,$50.2400
Oct 31 2016,$50.6972,$50.7100
Oct 28 2016,$50.5821,$50.5800
Oct 27 2016,$50.7598,$50.7600
Oct 26 2016,$50.8813,$50.8800
Oct 25 2016,$50.8735,$50.8500
Oct 24 2016,$51.1444,$51.1900
Oct 21 2016,$50.7166,$50.7100
Oct 20 2016,$50.3064,$50.3300
Oct 19 2016,$50.0303,$50.0200
Oct 18 2016,$49.8703,$49.8800
Oct 17 2016,$49.5990,$49.6000
Oct 14 2016,$49.8166,$49.8600
Oct 13 2016,$50.0216,$49.9900
Oct 12 2016,$50.3954,$50.4100
Oct 11 2016,$50.2554,$50.2650
Oct 07 2016,$50.8064,$50.8400
Oct 06 2016,$50.7351,$50.6950
Oct 05 2016,$50.5403,$50.5500
Oct 04 2016,$50.3845,$50.3600
Oct 03 2016,$50.2975,$50.3100
Sep 30 2016,$50.4941,$50.5300
Sep 29 2016,$50.2092,$50.2200
Sep 28 2016,$50.5274,$50.5400
Sep 27 2016,$50.6160,$50.6100
Sep 26 2016,$50.4350,$50.4300
Sep 23 2016,$50.5886,$50.6300
Sep 22 2016,$50.4388,$50.4700
Sep 21 2016,$50.3183,$50.3100
Sep 20 2016,$50.1458,$50.2100
Sep 19 2016,$50.1198,$50.1600
Sep 16 2016,$50.1464,$50.1350
Sep 15 2016,$50.1256,$50.1300
Sep 14 2016,$49.7638,$49.7300
Sep 13 2016,$49.6885,$49.6750
Sep 12 2016,$50.1713,$50.2000
Sep 09 2016,$49.4054,$49.4400
Sep 08 2016,$50.2210,$50.2500
Sep 07 2016,$50.2259,$50.2100
Sep 06 2016,$50.0261,$50.0000
Sep 02 2016,$50.4243,$50.4300
Sep 01 2016,$50.5635,$50.5750
Aug 31 2016,$50.6857,$50.7100
Aug 30 2016,$50.7443,$50.7200
Aug 29 2016,$50.5497,$50.5350
Aug 26 2016,$50.2020,$50.2000
Aug 25 2016,$49.9954,$49.9700
Aug 24 2016,$50.0754,$50.0450
Aug 23 2016,$50.2463,$50.2700
Aug 22 2016,$50.2956,$50.2900
Aug 19 2016,$49.9508,$49.9700
Aug 18 2016,$49.6712,$49.6600
Aug 17 2016,$49.8958,$49.9200
Aug 16 2016,$49.7963,$49.8000
Aug 15 2016,$50.3100,$50.3100
Aug 12 2016,$50.3378,$50.3450
Aug 11 2016,$50.4580,$50.4600
Aug 10 2016,$50.5365,$50.5100
Aug 09 2016,$50.8923,$50.8900
Aug 08 2016,$51.0181,$51.0050
Aug 05 2016,$51.0457,$51.0400
Aug 04 2016,$50.0921,$50.0900
Aug 03 2016,$50.2363,$50.2400
Aug 02 2016,$50.1993,$50.1900
Jul 29 2016,$50.4045,$50.4300
Jul 28 2016,$50.7101,$50.7300
Jul 27 2016,$50.7676,$50.7300
Jul 26 2016,$50.8047,$50.8000
Jul 25 2016,$50.9286,$50.8950
Jul 22 2016,$50.7520,$50.7500
Jul 21 2016,$50.3052,$50.3200
Jul 20 2016,$50.3713,$50.3750
Jul 19 2016,$50.0522,$50.0400
Jul 18 2016,$49.7795,$49.7800
Jul 15 2016,$49.6388,$49.6500
Jul 14 2016,$49.5245,$49.5600
Jul 13 2016,$49.5958,$49.6150
Jul 12 2016,$49.7814,$49.8000
Jul 11 2016,$49.7917,$49.8000
Jul 08 2016,$49.3092,$49.3100
Jul 07 2016,$48.4345,$48.4050
Jul 06 2016,$48.3208,$48.2950
Jul 05 2016,$48.2216,$48.2300
Jul 04 2016,$47.9589,$48.5400
Jun 30 2016,$48.1108,$48.0400
Jun 29 2016,$47.6730,$47.6500
Jun 28 2016,$47.0767,$47.0300
Jun 27 2016,$46.3591,$46.3700
Jun 24 2016,$46.9627,$46.9700
Jun 23 2016,$47.8337,$47.8250
Jun 22 2016,$47.4792,$47.4550
Jun 21 2016,$47.4454,$47.4700
Jun 20 2016,$47.5352,$47.5500
Jun 17 2016,$47.5002,$47.5200
Jun 16 2016,$47.9883,$47.9850
Jun 15 2016,$47.6960,$47.7050
Jun 14 2016,$47.4946,$47.5100
Jun 13 2016,$47.4122,$47.4100
Jun 10 2016,$47.5927,$47.6000
Jun 09 2016,$47.8858,$47.8950
Jun 08 2016,$47.9193,$47.8900
Jun 07 2016,$48.0176,$48.0100
Jun 06 2016,$48.0757,$48.0900
Jun 03 2016,$48.3557,$48.3450
Jun 02 2016,$49.1022,$49.0650
Jun 01 2016,$48.8057,$48.7900
May 31 2016,$48.9031,$48.9800
May 30 2016,$48.7169,$48.7950
May 27 2016,$48.6704,$48.6550
May 26 2016,$48.2340,$48.2100
May 25 2016,$48.4121,$48.4500
May 24 2016,$48.5258,$48.5450
May 20 2016,$47.9098,$47.9100
May 19 2016,$47.5400,$47.5250
May 18 2016,$47.4129,$47.3900
May 17 2016,$46.9613,$46.9300
May 16 2016,$47.3651,$47.3800
May 13 2016,$47.0483,$47.0400
May 12 2016,$47.0991,$47.0800
May 11 2016,$47.1498,$47.1550
May 10 2016,$47.8245,$47.8100
May 09 2016,$47.4039,$47.3850
May 06 2016,$47.1980,$47.1800
May 05 2016,$46.8351,$46.8300
May 04 2016,$46.8547,$46.8400
May 03 2016,$46.5449,$46.5400
May 02 2016,$46.3042,$46.3100
Apr 29 2016,$45.9782,$46.0000
Apr 28 2016,$46.2479,$46.2100
Apr 27 2016,$46.9322,$46.9200
Apr 26 2016,$46.8571,$46.8300
Apr 25 2016,$47.0069,$46.9750
Apr 22 2016,$47.0349,$47.0250
Apr 21 2016,$47.2304,$47.2500
Apr 20 2016,$47.1915,$47.2000
Apr 19 2016,$47.1951,$47.1750
Apr 18 2016,$47.5645,$47.5400
Apr 15 2016,$47.3667,$47.3700
Apr 14 2016,$47.4688,$47.4700
Apr 13 2016,$47.3484,$47.3400
Apr 12 2016,$46.6693,$46.6750
Apr 11 2016,$46.7197,$46.7300
Apr 08 2016,$47.2250,$47.1700
Apr 07 2016,$47.6173,$47.6000
Apr 06 2016,$47.9845,$47.9800
Apr 05 2016,$47.7212,$47.6800
Apr 04 2016,$47.8753,$47.8600
Apr 01 2016,$47.8215,$47.8400
Mar 31 2016,$47.4272,$47.4150
Mar 30 2016,$47.4507,$47.4400
Mar 29 2016,$47.6120,$47.6000
Mar 28 2016,$47.5907,$47.5800
Mar 24 2016,$47.7767,$47.7550
Mar 23 2016,$47.7052,$47.7050
Mar 22 2016,$47.3631,$47.3650
Mar 21 2016,$47.5685,$47.5700
Mar 18 2016,$47.6066,$47.6100
Mar 17 2016,$47.2516,$47.2700
Mar 16 2016,$47.4354,$47.4100
Mar 15 2016,$48.0157,$47.9950
Mar 14 2016,$47.7343,$47.8100
Mar 11 2016,$47.6839,$47.6900
Mar 10 2016,$47.3178,$47.2600
Mar 09 2016,$46.9607,$46.9100
Mar 08 2016,$47.2944,$47.3100
Mar 07 2016,$47.3335,$47.2800
Mar 04 2016,$47.4442,$47.4300
Mar 03 2016,$47.5546,$47.5500
Mar 02 2016,$47.4904,$47.4950
Mar 01 2016,$47.2320,$47.1750
Feb 29 2016,$46.5037,$46.6200
Feb 26 2016,$46.8712,$46.8900
Feb 25 2016,$47.0498,$47.0300
Feb 24 2016,$46.9905,$47.0050
Feb 23 2016,$47.0540,$47.0700
Feb 22 2016,$47.4545,$47.4600
Feb 19 2016,$46.9812,$46.9600
Feb 18 2016,$46.9237,$46.8900
Feb 17 2016,$46.9847,$46.9900
Feb 16 2016,$46.8194,$46.8050
Feb 12 2016,$45.9695,$45.9650
Feb 11 2016,$45.2831,$45.3150
Feb 10 2016,$45.8648,$45.8650
Feb 09 2016,$45.6884,$45.6650
Feb 08 2016,$45.8811,$45.8500
Feb 05 2016,$46.4410,$46.4100
Feb 04 2016,$46.7757,$46.7700
Feb 03 2016,$46.7798,$46.7300
Feb 02 2016,$47.3950,$47.4350
Feb 01 2016,$47.9398,$47.9800
Jan 29 2016,$48.2002,$48.1100
Jan 28 2016,$47.1845,$47.2400
Jan 27 2016,$47.1225,$47.1250
Jan 26 2016,$47.5724,$47.5500
Jan 25 2016,$47.5837,$47.5200
Jan 22 2016,$47.8939,$47.9050
Jan 21 2016,$47.3494,$47.4350
Jan 20 2016,$47.8179,$47.8900
Jan 19 2016,$48.6172,$48.6550
Jan 18 2016,$48.5636,$48.3750
Jan 15 2016,$48.4603,$48.4400
Jan 14 2016,$48.9540,$48.9600
Jan 13 2016,$48.1235,$48.1800
Jan 12 2016,$49.0526,$49.1000
Jan 11 2016,$48.5405,$48.6100
Jan 08 2016,$48.2453,$48.2100
Jan 07 2016,$48.5774,$48.6450
Jan 06 2016,$49.7370,$49.7200
Jan 05 2016,$50.0480,$50.0150
Jan 04 2016,$49.7801,$49.7500
Dec 31 2015,$50.1220,$50.2100
Dec 30 2015,$50.8027,$50.8250
Dec 29 2015,$50.9469,$50.9600
Dec 24 2015,$50.6040,$50.6000
Dec 23 2015,$50.9363,$50.9450
Dec 22 2015,$50.6212,$50.6150
Dec 21 2015,$50.2800,$50.2350
Dec 18 2015,$49.7915,$49.8600
Dec 17 2015,$50.7628,$50.8300
Dec 16 2015,$50.9120,$50.9300
Dec 15 2015,$50.0325,$50.0050
Dec 14 2015,$49.5074,$49.4950
Dec 11 2015,$49.2514,$49.2400
Dec 10 2015,$49.8342,$49.8650
Dec 09 2015,$49.4691,$49.4550
Dec 08 2015,$49.9285,$49.9650
Dec 07 2015,$49.9722,$49.9850
Dec 04 2015,$49.7922,$49.7950
Dec 03 2015,$48.6804,$48.6750
Dec 02 2015,$49.4292,$49.4150
Dec 01 2015,$50.0127,$50.0150
Nov 30 2015,$49.4814,$49.5200
Nov 27 2015,$49.7583,$49.6700
Nov 26 2015,$49.4136,$49.6100
Nov 25 2015,$49.4285,$49.4300
Nov 24 2015,$49.4961,$49.4900
Nov 23 2015,$49.6538,$49.6600
Nov 20 2015,$49.5994,$49.5700
Nov 19 2015,$49.2420,$49.2300
Nov 18 2015,$49.3604,$49.4000
Nov 17 2015,$48.5424,$48.5450
Nov 16 2015,$48.6492,$48.6400
Nov 13 2015,$47.9040,$47.9000
Nov 12 2015,$48.3225,$48.3250
Nov 11 2015,$48.9139,$48.9450
Nov 10 2015,$49.0977,$49.0500
Nov 09 2015,$49.0533,$49.0700
Nov 06 2015,$49.5964,$49.5400
Nov 05 2015,$49.1358,$49.1500
Nov 04 2015,$49.1504,$49.1100
Nov 03 2015,$48.8973,$48.8800
Nov 02 2015,$48.9205,$48.9400
Oct 30 2015,$48.2606,$48.3700
Oct 29 2015,$48.8494,$48.8400
Oct 28 2015,$48.9526,$48.9200
Oct 27 2015,$48.6639,$48.6550
Oct 26 2015,$48.3878,$48.4150
Oct 23 2015,$48.5432,$48.5600
Oct 22 2015,$47.7651,$47.7500
Oct 21 2015,$47.0713,$47.0900
Oct 20 2015,$46.8131,$46.8300
Oct 19 2015,$47.0035,$46.9950
Oct 16 2015,$46.5659,$46.5850
Oct 15 2015,$46.1504,$46.1450
Oct 14 2015,$45.7270,$45.7150
Oct 13 2015,$46.2888,$46.3000
Oct 09 2015,$46.2631,$46.2800
Oct 08 2015,$46.5024,$46.4900
Oct 07 2015,$46.2684,$46.2400
Oct 06 2015,$45.7558,$45.7350
Oct 05 2015,$46.1247,$46.1200
Oct 02 2015,$45.5830,$45.5400
Oct 01 2015,$45.2417,$45.2200
Sep 30 2015,$45.4171,$45.4100
Sep 29 2015,$44.8121,$44.9000
Sep 28 2015,$44.7002,$44.7400
Sep 25 2015,$45.5914,$45.6350
Sep 24 2015,$45.6189,$45.6650
Sep 23 2015,$45.8643,$45.9150
Sep 22 2015,$45.6428,$45.7050
Sep 21 2015,$46.1988,$46.1450
Sep 18 2015,$46.1043,$46.0750
Sep 17 2015,$46.7041,$46.6950
Sep 16 2015,$46.8283,$46.8250
Sep 15 2015,$46.7012,$46.7100
Sep 14 2015,$46.1217,$46.1300
Sep 11 2015,$46.2842,$46.2550
Sep 10 2015,$46.0100,$45.9550
Sep 09 2015,$45.8230,$45.7800
Sep 08 2015,$46.2966,$46.2900
Sep 04 2015,$45.3460,$45.4250
Sep 03 2015,$45.8068,$45.8700
Sep 02 2015,$46.0529,$45.9750
Sep 01 2015,$44.9542,$45.1100
Aug 31 2015,$46.1472,$46.2100
Aug 28 2015,$46.7609,$46.7050
Aug 27 2015,$46.7822,$46.7250
Aug 26 2015,$46.0271,$45.9550
Aug 25 2015,$44.3365,$44.3950
Aug 24 2015,$44.6043,$44.7550
Aug 21 2015,$46.1683,$46.2500
Aug 20 2015,$47.3618,$47.4150
Aug 19 2015,$48.4828,$48.5650
Aug 18 2015,$48.6767,$48.7100
Aug 17 2015,$48.9306,$48.9250
Aug 14 2015,$48.6894,$48.6900
Aug 13 2015,$48.4000,$48.4150
Aug 12 2015,$48.1194,$48.1050
Aug 11 2015,$48.5565,$48.5700
Aug 10 2015,$48.6243,$48.5850
Aug 07 2015,$48.4933,$48.4650
Aug 06 2015,$48.5335,$48.5400
Aug 05 2015,$49.1995,$49.2050
Aug 04 2015,$49.0061,$49.0000
Jul 31 2015,$48.8753,$48.8750
Jul 30 2015,$48.6932,$48.7100
Jul 29 2015,$48.4537,$48.4750
Jul 28 2015,$48.0478,$48.0350
Jul 27 2015,$47.8869,$47.8700
Jul 24 2015,$48.1450,$48.1650
Jul 23 2015,$48.6543,$48.6400
Jul 22 2015,$48.9300,$48.9100
Jul 21 2015,$48.6951,$48.7050
Jul 20 2015,$49.0751,$49.0850
Jul 17 2015,$49.0111,$49.0050
Jul 16 2015,$48.8836,$48.8800
Jul 15 2015,$48.3268,$48.3100
Jul 14 2015,$47.6809,$47.7050
Jul 13 2015,$47.4656,$47.4950
Jul 10 2015,$46.7211,$46.7750
Jul 09 2015,$46.2289,$46.3200
Jul 08 2015,$46.2651,$46.3000
Jul 07 2015,$46.9628,$46.9350
Jul 06 2015,$46.4601,$46.4150
Jul 03 2015,$46.2526,$46.4050
Jul 02 2015,$46.2066,$46.2550
Jun 30 2015,$45.6830,$45.7650
Jun 29 2015,$45.2011,$45.2200
Jun 26 2015,$45.9009,$45.9100
Jun 25 2015,$45.9309,$45.9550
Jun 24 2015,$46.3499,$46.3800
Jun 23 2015,$46.4418,$46.4400
Jun 22 2015,$46.3782,$46.3550
Jun 19 2015,$46.0490,$46.1300
Jun 18 2015,$46.1778,$46.1800
Jun 17 2015,$45.7497,$45.7700
Jun 16 2015,$45.9497,$45.9350
Jun 15 2015,$45.6975,$45.7000
Jun 12 2015,$45.8894,$45.9150
Jun 11 2015,$46.1078,$46.0700
Jun 10 2015,$45.9034,$45.9500
Jun 09 2015,$45.6771,$45.7200
Jun 08 2015,$45.8852,$45.9000
Jun 05 2015,$46.3182,$46.3150
Jun 04 2015,$46.6528,$46.6200
Jun 03 2015,$46.8492,$46.8350
Jun 02 2015,$46.5526,$46.5700
Jun 01 2015,$47.0758,$47.0600
May 29 2015,$46.5976,$46.6550
May 28 2015,$46.8997,$46.9200
May 27 2015,$47.0337,$47.0750
May 26 2015,$46.4846,$46.5050
May 25 2015,$46.4304,$46.6950
May 22 2015,$46.5194,$46.5250
May 21 2015,$46.2656,$46.2550
May 20 2015,$46.0846,$46.1150
May 19 2015,$46.2420,$46.2650
May 15 2015,$45.3375,$45.3300
May 14 2015,$45.2100,$45.2200
May 13 2015,$44.6162,$44.6150
May 12 2015,$44.7850,$44.8200
May 11 2015,$45.2629,$45.2900
May 08 2015,$45.4041,$45.4350
May 07 2015,$44.9315,$44.9600
May 06 2015,$44.4665,$44.4400
May 05 2015,$44.7481,$44.7650
May 04 2015,$45.3664,$45.3800
May 01 2015,$45.4653,$45.4700
Apr 30 2015,$44.6503,$44.6350
Apr 29 2015,$44.9420,$44.9400
Apr 28 2015,$45.1522,$45.1300
Apr 27 2015,$45.2725,$45.2650
Apr 24 2015,$45.7160,$45.7300
Apr 23 2015,$45.5360,$45.5400
Apr 22 2015,$45.7288,$45.7250
Apr 21 2015,$45.6974,$45.6900
Apr 20 2015,$45.5545,$45.5700
Apr 17 2015,$45.1315,$45.1400
Apr 16 2015,$45.4920,$45.4900
Apr 15 2015,$45.9661,$45.9700
Apr 14 2015,$46.4494,$46.4100
Apr 13 2015,$46.7365,$46.7500
Apr 10 2015,$46.9153,$46.9000
Apr 09 2015,$46.6928,$46.7000
Apr 08 2015,$46.3041,$46.2950
Apr 07 2015,$46.0078,$46.0400
Apr 06 2015,$46.0336,$46.0500
Apr 02 2015,$46.0255,$46.0950
Apr 01 2015,$46.1176,$46.0700
Mar 31 2015,$46.4078,$46.5000
Mar 30 2015,$46.9197,$46.9400
Mar 27 2015,$46.0086,$46.0400
Mar 26 2015,$45.4433,$45.4500
Mar 25 2015,$45.7127,$45.7350
Mar 24 2015,$46.3331,$46.3400
Mar 23 2015,$46.5948,$46.6450
Mar 20 2015,$47.2368,$47.2600
Mar 19 2015,$47.3580,$47.3900
Mar 18 2015,$46.9905,$46.9950
Mar 17 2015,$47.2063,$47.2000
Mar 16 2015,$47.3746,$47.3750
Mar 13 2015,$46.7636,$46.7750
Mar 12 2015,$46.7400,$46.7500
Mar 11 2015,$46.3480,$46.4000
Mar 10 2015,$46.1746,$46.2000
Mar 09 2015,$46.6442,$46.6450
Mar 06 2015,$46.4983,$46.4500
Mar 05 2015,$46.7690,$46.7950
Mar 04 2015,$46.3764,$46.3700
Mar 03 2015,$46.8469,$46.8400
Mar 02 2015,$47.2342,$47.2450
Feb 27 2015,$46.7855,$46.8200
Feb 26 2015,$47.0417,$47.0550
Feb 25 2015,$46.7116,$46.7250
Feb 24 2015,$47.0181,$47.0300
Feb 23 2015,$47.1974,$47.1750
Feb 20 2015,$47.0914,$47.0700
Feb 19 2015,$46.6318,$46.6000
Feb 18 2015,$46.3684,$46.3550
Feb 17 2015,$46.1946,$46.1650
Feb 13 2015,$46.4428,$46.4450
Feb 12 2015,$46.3495,$46.3500
Feb 11 2015,$46.4752,$46.4500
Feb 10 2015,$46.2009,$46.2000
Feb 09 2015,$45.3158,$45.3300
Feb 06 2015,$45.7408,$45.7100
Feb 05 2015,$45.4978,$45.5200
Feb 04 2015,$45.5427,$45.4750
Feb 03 2015,$45.0946,$45.1000
Feb 02 2015,$45.0971,$45.0950
Jan 30 2015,$45.0446,$44.9600
Jan 29 2015,$45.2523,$45.2300
Jan 28 2015,$44.5031,$44.5400
Jan 27 2015,$44.6861,$44.7050
Jan 26 2015,$45.4920,$45.4900
Jan 23 2015,$45.2528,$45.2550
Jan 22 2015,$45.4280,$45.3900
Jan 21 2015,$44.5053,$44.4800
Jan 20 2015,$43.4428,$43.4550
Jan 19 2015,$42.7712,$42.8350
Jan 16 2015,$42.8393,$42.9000
Jan 15 2015,$42.3066,$42.3350
Jan 14 2015,$42.6357,$42.6050
Jan 13 2015,$42.9166,$42.8800
Jan 12 2015,$43.0732,$43.0700
Jan 09 2015,$43.0416,$43.0750
Jan 08 2015,$43.2942,$43.2950
Jan 07 2015,$42.4936,$42.4700
Jan 06 2015,$41.9924,$42.0050
Jan 05 2015,$42.1315,$42.1300
Jan 02 2015,$42.9305,$42.9700
Dec 31 2014,$42.4145,$42.4600
Dec 30 2014,$42.8064,$42.8300
Dec 29 2014,$43.1274,$43.1250
Dec 24 2014,$42.9034,$42.9150
Dec 23 2014,$43.1210,$43.1450
Dec 22 2014,$43.0850,$43.0700
Dec 19 2014,$42.7807,$42.8250
Dec 18 2014,$42.5513,$42.5300
Dec 17 2014,$41.7484,$41.7400
Dec 16 2014,$40.9005,$40.9050
Dec 15 2014,$41.2856,$41.3400
Dec 12 2014,$41.2802,$41.3100
Dec 11 2014,$41.8001,$41.7850
Dec 10 2014,$41.4266,$41.4300
Dec 09 2014,$41.9499,$41.9600
Dec 08 2014,$42.1373,$42.1350
Dec 05 2014,$42.2436,$42.2400
Dec 04 2014,$41.9618,$41.9350
Dec 03 2014,$41.9742,$41.9850
Dec 02 2014,$41.9110,$41.9150
Dec 01 2014,$41.4035,$41.4300
Nov 28 2014,$42.0992,$42.1000
Nov 27 2014,$41.7991,$41.8900
Nov 26 2014,$41.4414,$41.4550
Nov 25 2014,$41.4174,$41.4200
Nov 24 2014,$41.5520,$41.5650
Nov 21 2014,$41.2651,$41.2450
Nov 20 2014,$41.2772,$41.2850
Nov 19 2014,$41.3631,$41.3600
Nov 18 2014,$41.2499,$41.2450